V_Team,corresponding probability of winning,H_Team,corresponding probability of winning
New York Knicks,0.07656986634852403,Cleveland Cavaliers,0.923430133651476
San Antonio Spurs,0.4769381304336071,Golden State Warriors,0.5230618695663929
Utah Jazz,0.19344565449420592,Portland Trail Blazers,0.8065543455057941
Brooklyn Nets,0.08802908524833619,Boston Celtics,0.9119709147516638
Dallas Mavericks,0.36154012337068264,Indiana Pacers,0.6384598766293174
Houston Rockets,0.7383455040358081,Los Angeles Lakers,0.2616544959641919
Minnesota Timberwolves,0.3525043943937409,Memphis Grizzlies,0.6474956056062591
Charlotte Hornets,0.7206593282462848,Milwaukee Bucks,0.2793406717537153
Denver Nuggets,0.44561915521775897,New Orleans Pelicans,0.554380844782241
Miami Heat,0.6246533920993542,Orlando Magic,0.3753466079006457
Oklahoma City Thunder,0.9506139519860476,Philadelphia 76ers,0.04938604801395236
Sacramento Kings,0.5240437841847101,Phoenix Suns,0.47595621581528996
Detroit Pistons,0.27428479973865205,Toronto Raptors,0.725715200261348
Washington Wizards,0.3415014899396036,Atlanta Hawks,0.6584985100603964
Boston Celtics,0.5311871651783505,Chicago Bulls,0.4688128348216495
Los Angeles Clippers,0.3363472053460812,Portland Trail Blazers,0.6636527946539188
San Antonio Spurs,0.8794355097720158,Sacramento Kings,0.1205644902279842
Indiana Pacers,0.7958528865167418,Brooklyn Nets,0.20414711348325823
Houston Rockets,0.4285375358915414,Dallas Mavericks,0.5714624641084586
Orlando Magic,0.3062335514823741,Detroit Pistons,0.6937664485176259
Charlotte Hornets,0.44339044097483526,Miami Heat,0.5566095590251647
Golden State Warriors,0.9254696022641087,New Orleans Pelicans,0.07453039773589129
Phoenix Suns,0.06341642988160379,Oklahoma City Thunder,0.9365835701183962
Cleveland Cavaliers,0.5972196219115857,Toronto Raptors,0.4027803780884143
Los Angeles Lakers,0.09574591218577078,Utah Jazz,0.9042540878142292
Indiana Pacers,0.4875067232072471,Chicago Bulls,0.5124932767927529
Boston Celtics,0.46726059661592745,Charlotte Hornets,0.5327394033840726
Orlando Magic,0.108974541943752,Cleveland Cavaliers,0.891025458056248
Portland Trail Blazers,0.6219821653781507,Denver Nuggets,0.37801783462184935
Brooklyn Nets,0.22083967240967306,Milwaukee Bucks,0.7791603275903269
Memphis Grizzlies,0.43416454957306316,New York Knicks,0.5658354504269368
Atlanta Hawks,0.8952321689071847,Philadelphia 76ers,0.10476783109281528
Minnesota Timberwolves,0.38570660618238173,Sacramento Kings,0.6142933938176183
New Orleans Pelicans,0.07223855798104095,San Antonio Spurs,0.927761442018959
Milwaukee Bucks,0.24770688288268905,Detroit Pistons,0.752293117117311
Dallas Mavericks,0.40181265081426154,Houston Rockets,0.5981873491857385
Utah Jazz,0.2962247555599493,Los Angeles Clippers,0.7037752444400507
Washington Wizards,0.5048444412676716,Memphis Grizzlies,0.49515555873232847
San Antonio Spurs,0.7326712096632026,Miami Heat,0.2673287903367974
Los Angeles Lakers,0.040223563363668946,Oklahoma City Thunder,0.959776436636331
Golden State Warriors,0.9448087461650254,Phoenix Suns,0.05519125383497458
Sacramento Kings,0.22187420813554393,Atlanta Hawks,0.7781257918644561
Chicago Bulls,0.6808433086324639,Brooklyn Nets,0.31915669136753605
Phoenix Suns,0.09477997529734006,Los Angeles Clippers,0.9052200247026599
Denver Nuggets,0.15135609872638778,Toronto Raptors,0.8486439012736122
Houston Rockets,0.18514828513897674,Cleveland Cavaliers,0.8148517148610233
New York Knicks,0.23033507664702568,Detroit Pistons,0.7696649233529743
Los Angeles Lakers,0.08713488841550987,Indiana Pacers,0.9128651115844901
Sacramento Kings,0.19544450360549526,Miami Heat,0.8045554963945047
Memphis Grizzlies,0.4684139114048821,Minnesota Timberwolves,0.5315860885951179
Milwaukee Bucks,0.3978420939649385,New Orleans Pelicans,0.6021579060350615
Orlando Magic,0.7385796561799514,Philadelphia 76ers,0.26142034382004864
Golden State Warriors,0.6625307800521573,Portland Trail Blazers,0.33746921994784274
Utah Jazz,0.16434958198493443,San Antonio Spurs,0.8356504180150656
Los Angeles Lakers,0.07697133211286522,Atlanta Hawks,0.9230286678871348
Chicago Bulls,0.27926306837685944,Boston Celtics,0.7207369316231406
Detroit Pistons,0.7588169065551724,Brooklyn Nets,0.2411830934448276
Philadelphia 76ers,0.05000190056485099,Charlotte Hornets,0.949998099435149
Oklahoma City Thunder,0.6260718275656795,Los Angeles Clippers,0.3739281724343205
New Orleans Pelicans,0.2965431470163661,Memphis Grizzlies,0.7034568529836339
Houston Rockets,0.5798496157741333,New York Knicks,0.4201503842258667
Portland Trail Blazers,0.7016457742928446,Phoenix Suns,0.29835422570715536
Dallas Mavericks,0.3858080594935456,Utah Jazz,0.6141919405064544
Toronto Raptors,0.6594189868586043,Washington Wizards,0.34058101314139566
Boston Celtics,0.2576924828120739,Cleveland Cavaliers,0.7423075171879261
Oklahoma City Thunder,0.379130382379385,Golden State Warriors,0.620869617620615
Indiana Pacers,0.6752362103325991,Milwaukee Bucks,0.3247637896674009
Denver Nuggets,0.436371375174862,Minnesota Timberwolves,0.563628624825138
Sacramento Kings,0.36019137715702554,Orlando Magic,0.6398086228429745
Charlotte Hornets,0.828686039848608,Brooklyn Nets,0.17131396015139197
New York Knicks,0.21299195775977664,Chicago Bulls,0.7870080422402234
Portland Trail Blazers,0.43738181238425344,Dallas Mavericks,0.5626181876157466
Golden State Warriors,0.9551456614651853,Los Angeles Lakers,0.04485433853481468
Los Angeles Clippers,0.692308027049475,Memphis Grizzlies,0.307691972950525
Phoenix Suns,0.27397403157758093,New Orleans Pelicans,0.7260259684224191
Miami Heat,0.3437626928606533,Toronto Raptors,0.6562373071393467
San Antonio Spurs,0.8033347389014289,Utah Jazz,0.19666526109857105
Atlanta Hawks,0.5704733452609151,Washington Wizards,0.4295266547390849
Houston Rockets,0.3700725641887965,Atlanta Hawks,0.6299274358112035
Denver Nuggets,0.2860180842627813,Detroit Pistons,0.7139819157372187
Chicago Bulls,0.32065258990451306,Indiana Pacers,0.6793474100954869
Sacramento Kings,0.4403194352921612,Milwaukee Bucks,0.5596805647078388
Minnesota Timberwolves,0.12216804588840546,Oklahoma City Thunder,0.8778319541115945
Washington Wizards,0.5059081695021767,Orlando Magic,0.49409183049782335
Cleveland Cavaliers,0.9551901253975085,Philadelphia 76ers,0.044809874602491494
Los Angeles Clippers,0.29358097531527827,San Antonio Spurs,0.7064190246847217
Denver Nuggets,0.21238988946119208,Boston Celtics,0.7876101105388079
Milwaukee Bucks,0.23141782348387963,Dallas Mavericks,0.7685821765161204
Phoenix Suns,0.39288455609951656,Los Angeles Lakers,0.6071154439004834
Portland Trail Blazers,0.5449058815905335,Memphis Grizzlies,0.45509411840946645
Utah Jazz,0.5599219453409183,New York Knicks,0.4400780546590817
Sacramento Kings,0.15052983103540618,Toronto Raptors,0.8494701689645938
Orlando Magic,0.2852939614923,Chicago Bulls,0.7147060385077
Indiana Pacers,0.4240817240461684,Charlotte Hornets,0.5759182759538316
New Orleans Pelicans,0.05729343749736471,Golden State Warriors,0.9427065625026353
Detroit Pistons,0.32094312098563316,Los Angeles Clippers,0.6790568790143668
Miami Heat,0.29756564234069327,Oklahoma City Thunder,0.7024343576593067
Utah Jazz,0.8287363846164526,Philadelphia 76ers,0.17126361538354737
Houston Rockets,0.44928877602562645,Washington Wizards,0.5507112239743736
Minnesota Timberwolves,0.5889153672826561,Brooklyn Nets,0.4110846327173438
Atlanta Hawks,0.27001987965094965,Cleveland Cavaliers,0.7299801203490504
Dallas Mavericks,0.703810605545852,Los Angeles Lakers,0.29618939445414805
Denver Nuggets,0.3606966411461925,Memphis Grizzlies,0.6393033588538075
Phoenix Suns,0.056303178182573244,Portland Trail Blazers,0.9436968218174268
New Orleans Pelicans,0.32713747164266427,Sacramento Kings,0.6728625283573357
Chicago Bulls,0.2919626699894253,Atlanta Hawks,0.7080373300105747
Utah Jazz,0.3460814823850564,Charlotte Hornets,0.6539185176149436
Dallas Mavericks,0.12297559926001134,Golden State Warriors,0.8770244007399887
Philadelphia 76ers,0.05807390991555206,Indiana Pacers,0.9419260900844479
Portland Trail Blazers,0.32125637392782336,Los Angeles Clippers,0.6787436260721766
Brooklyn Nets,0.19440616045882775,New York Knicks,0.8055938395411723
Toronto Raptors,0.4120069692594218,Oklahoma City Thunder,0.5879930307405782
Minnesota Timberwolves,0.3534762783984948,Orlando Magic,0.6465237216015052
Detroit Pistons,0.701344872245773,Phoenix Suns,0.298655127754227
Houston Rockets,0.1758235356033092,San Antonio Spurs,0.8241764643966908
Boston Celtics,0.5548552379068252,Washington Wizards,0.4451447620931748
Golden State Warriors,0.9229414905266462,Denver Nuggets,0.07705850947335374
Chicago Bulls,0.2599734146847972,Miami Heat,0.7400265853152028
New Orleans Pelicans,0.3717093739140379,Milwaukee Bucks,0.6282906260859621
Los Angeles Lakers,0.15901364672538898,Sacramento Kings,0.840986353274611
New York Knicks,0.16767477001001763,Boston Celtics,0.8323252299899824
Toronto Raptors,0.5767029500390681,Charlotte Hornets,0.42329704996093187
Los Angeles Clippers,0.36515082794683174,Oklahoma City Thunder,0.6348491720531683
Utah Jazz,0.5167506465645428,Orlando Magic,0.4832493534354571
Indiana Pacers,0.870678028511885,Philadelphia 76ers,0.12932197148811497
Sacramento Kings,0.1121131242670157,Portland Trail Blazers,0.8878868757329843
Detroit Pistons,0.18089211297898178,San Antonio Spurs,0.8191078870210182
Cleveland Cavaliers,0.7681560167484969,Washington Wizards,0.23184398325150318
Philadelphia 76ers,0.05111028720296329,Atlanta Hawks,0.9488897127970367
Washington Wizards,0.3956445470622827,Chicago Bulls,0.6043554529377173
Detroit Pistons,0.6216442441073295,Denver Nuggets,0.37835575589267045
San Antonio Spurs,0.813712786613823,Houston Rockets,0.18628721338617701
Boston Celtics,0.506760440415462,Indiana Pacers,0.493239559584538
Utah Jazz,0.3157328006436432,Miami Heat,0.6842671993563568
Memphis Grizzlies,0.47401606595333523,Milwaukee Bucks,0.5259839340466648
Los Angeles Clippers,0.7553535266377003,Minnesota Timberwolves,0.24464647336229978
Los Angeles Lakers,0.18934311770693635,New Orleans Pelicans,0.8106568822930637
Brooklyn Nets,0.2840083750210197,Phoenix Suns,0.7159916249789803
New York Knicks,0.11757245583718434,Toronto Raptors,0.8824275441628157
Charlotte Hornets,0.2655885750819287,Cleveland Cavaliers,0.7344114249180713
Phoenix Suns,0.03678231771353979,Golden State Warriors,0.9632176822864602
Los Angeles Lakers,0.1836518959045128,Minnesota Timberwolves,0.8163481040954872
Orlando Magic,0.13712992747030828,Oklahoma City Thunder,0.8628700725296917
Denver Nuggets,0.1127565108185834,Portland Trail Blazers,0.8872434891814166
Oklahoma City Thunder,0.7504574343376488,Detroit Pistons,0.24954256566235125
Philadelphia 76ers,0.06815115217656476,Houston Rockets,0.9318488478234352
Orlando Magic,0.26576461758393155,Indiana Pacers,0.7342353824160684
Brooklyn Nets,0.0739310376385176,Los Angeles Clippers,0.9260689623614824
Boston Celtics,0.7154270699902061,New Orleans Pelicans,0.28457293000979383
Dallas Mavericks,0.5374992827726166,New York Knicks,0.46250071722738334
Miami Heat,0.23435254432881203,San Antonio Spurs,0.765647455671188
Memphis Grizzlies,0.2931515621857247,Utah Jazz,0.7068484378142753
Toronto Raptors,0.35032788639466994,Cleveland Cavaliers,0.6496721136053301
Brooklyn Nets,0.3303949656486974,Los Angeles Lakers,0.6696050343513026
Atlanta Hawks,0.4489747444192519,Miami Heat,0.5510252555807481
Charlotte Hornets,0.716110838270241,Minnesota Timberwolves,0.28388916172975903
Chicago Bulls,0.1544092169271556,Portland Trail Blazers,0.8455907830728444
Milwaukee Bucks,0.1908637174574278,Atlanta Hawks,0.8091362825425722
Dallas Mavericks,0.3173382203082682,Boston Celtics,0.6826617796917318
Phoenix Suns,0.2668534792804813,Denver Nuggets,0.7331465207195187
Cleveland Cavaliers,0.7319745682230809,Indiana Pacers,0.268025431776919
Memphis Grizzlies,0.2024477436120684,Los Angeles Clippers,0.7975522563879316
Detroit Pistons,0.5882522331951949,New York Knicks,0.41174776680480507
Houston Rockets,0.22794953046540056,Oklahoma City Thunder,0.7720504695345994
New Orleans Pelicans,0.29743161530180773,Orlando Magic,0.7025683846981923
Washington Wizards,0.8224892498344633,Philadelphia 76ers,0.17751075016553672
San Antonio Spurs,0.8794355097720158,Sacramento Kings,0.1205644902279842
Golden State Warriors,0.7337000731281303,Toronto Raptors,0.26629992687186965
Portland Trail Blazers,0.45263853547179744,Houston Rockets,0.5473614645282026
Milwaukee Bucks,0.1673336108756578,Miami Heat,0.8326663891243422
Philadelphia 76ers,0.12687478722514445,Minnesota Timberwolves,0.8731252127748556
Chicago Bulls,0.3436532509789082,Utah Jazz,0.6563467490210918
New York Knicks,0.2294203400932494,Washington Wizards,0.7705796599067506
Golden State Warriors,0.8064181439339029,Boston Celtics,0.19358185606609707
Atlanta Hawks,0.4830888733142442,Charlotte Hornets,0.5169111266857558
Detroit Pistons,0.1904235651424726,Cleveland Cavaliers,0.8095764348575274
Memphis Grizzlies,0.29424482217922243,Dallas Mavericks,0.7057551778207776
Toronto Raptors,0.7902105660592086,Denver Nuggets,0.20978943394079141
Phoenix Suns,0.13361126155591652,Indiana Pacers,0.8663887384440835
San Antonio Spurs,0.9392175523126414,Los Angeles Lakers,0.06078244768735865
Portland Trail Blazers,0.6304303403125663,New Orleans Pelicans,0.3695696596874337
Brooklyn Nets,0.049092436835992626,Oklahoma City Thunder,0.9509075631640074
Los Angeles Clippers,0.7218355876213677,Sacramento Kings,0.2781644123786323
Boston Celtics,0.5561310797677737,Detroit Pistons,0.44386892023222635
Utah Jazz,0.42376119344123653,Houston Rockets,0.5762388065587635
Chicago Bulls,0.24268865019388153,Los Angeles Clippers,0.7573113498061185
Minnesota Timberwolves,0.3525043943937409,Memphis Grizzlies,0.6474956056062591
Golden State Warriors,0.9244261544382956,Milwaukee Bucks,0.07557384556170442
Charlotte Hornets,0.7236752143049535,New Orleans Pelicans,0.2763247856950465
Dallas Mavericks,0.49411569792771537,Orlando Magic,0.5058843020722846
Phoenix Suns,0.5462223551817189,Philadelphia 76ers,0.45377764481828115
Miami Heat,0.5392848179561835,Washington Wizards,0.4607151820438164
Portland Trail Blazers,0.7590797950291333,Brooklyn Nets,0.24092020497086672
Utah Jazz,0.5940258796196694,Denver Nuggets,0.4059741203803306
Chicago Bulls,0.6645019393743608,Los Angeles Lakers,0.33549806062563925
Atlanta Hawks,0.6919994243051528,New York Knicks,0.3080005756948472
Indiana Pacers,0.2746876900583163,Oklahoma City Thunder,0.7253123099416837
Toronto Raptors,0.7596911804894518,Sacramento Kings,0.24030881951054814
Memphis Grizzlies,0.24194720480379828,Charlotte Hornets,0.7580527951962017
Houston Rockets,0.4505675749897402,Detroit Pistons,0.5494324250102598
Golden State Warriors,0.8353800835575589,Indiana Pacers,0.16461991644244117
Toronto Raptors,0.5200445191668754,Los Angeles Clippers,0.47995548083312456
Orlando Magic,0.4659519582268805,Milwaukee Bucks,0.5340480417731195
Boston Celtics,0.7077280926442455,Minnesota Timberwolves,0.2922719073557544
Miami Heat,0.8827793782521594,Philadelphia 76ers,0.11722062174784066
Dallas Mavericks,0.15228631106261947,San Antonio Spurs,0.8477136889373805
Phoenix Suns,0.15760795748027123,Washington Wizards,0.8423920425197288
New Orleans Pelicans,0.1765640015721498,Atlanta Hawks,0.8234359984278502
Chicago Bulls,0.5269685345066012,Denver Nuggets,0.4730314654933988
Oklahoma City Thunder,0.9118807420760201,Los Angeles Lakers,0.08811925792397994
Portland Trail Blazers,0.588600240965114,New York Knicks,0.411399759034886
Boston Celtics,0.8228049113269916,Brooklyn Nets,0.17719508867300834
San Antonio Spurs,0.7586626398700416,Charlotte Hornets,0.24133736012995843
Portland Trail Blazers,0.1906451912741104,Cleveland Cavaliers,0.8093548087258896
Los Angeles Clippers,0.5936387088029208,Dallas Mavericks,0.4063612911970792
Miami Heat,0.5405683347023331,Detroit Pistons,0.4594316652976669
Los Angeles Lakers,0.023090024472326887,Golden State Warriors,0.9769099755276731
Toronto Raptors,0.654348614649333,Houston Rockets,0.345651385350667
Atlanta Hawks,0.522614147972192,Indiana Pacers,0.477385852027808
Minnesota Timberwolves,0.4368160020377043,New Orleans Pelicans,0.5631839979622957
Phoenix Suns,0.21011180186536027,Orlando Magic,0.7898881981346397
Memphis Grizzlies,0.7447819373335636,Philadelphia 76ers,0.2552180626664365
Oklahoma City Thunder,0.8300762099548531,Sacramento Kings,0.16992379004514696
Denver Nuggets,0.26707465937586894,Utah Jazz,0.7329253406241311
San Antonio Spurs,0.7514208339139361,Boston Celtics,0.24857916608606384
Dallas Mavericks,0.16060602315815542,Cleveland Cavaliers,0.8393939768418446
Oklahoma City Thunder,0.8533818388056016,Denver Nuggets,0.14661816119439844
Los Angeles Clippers,0.6150217988395826,Detroit Pistons,0.38497820116041737
Brooklyn Nets,0.1052133385893328,Indiana Pacers,0.8947866614106672
Golden State Warriors,0.9551456614651853,Los Angeles Lakers,0.04485433853481468
Miami Heat,0.6236551349415349,Memphis Grizzlies,0.37634486505846515
Toronto Raptors,0.7936808486024397,Milwaukee Bucks,0.20631915139756032
Charlotte Hornets,0.6871619152783066,New York Knicks,0.31283808472169333
Washington Wizards,0.5059081695021767,Orlando Magic,0.49409183049782335
Chicago Bulls,0.7865147262067524,Philadelphia 76ers,0.21348527379324758
Minnesota Timberwolves,0.5167411077859226,Phoenix Suns,0.48325889221407736
New Orleans Pelicans,0.08671978127703328,Portland Trail Blazers,0.9132802187229667
Houston Rockets,0.5711969428209767,Sacramento Kings,0.4288030571790234
Atlanta Hawks,0.5484070688428758,Utah Jazz,0.4515929311571242
New York Knicks,0.17321084018881494,Charlotte Hornets,0.8267891598111851
Minnesota Timberwolves,0.07277632859668359,Golden State Warriors,0.9272236714033164
Memphis Grizzlies,0.21769031803812733,Miami Heat,0.7823096819618727
Detroit Pistons,0.23409396831523877,Oklahoma City Thunder,0.7659060316847612
San Antonio Spurs,0.8170988707761466,Washington Wizards,0.18290112922385338
Sacramento Kings,0.5959801311704234,Brooklyn Nets,0.4040198688295767
New Orleans Pelicans,0.21488666304971105,Dallas Mavericks,0.785113336950289
Los Angeles Clippers,0.5671026469450061,Indiana Pacers,0.4328973530549939
Atlanta Hawks,0.8212316440783715,Los Angeles Lakers,0.17876835592162857
Milwaukee Bucks,0.3177429622192466,Orlando Magic,0.6822570377807534
Cleveland Cavaliers,0.9551901253975085,Philadelphia 76ers,0.044809874602491494
Denver Nuggets,0.5256516052402693,Phoenix Suns,0.4743483947597307
Houston Rockets,0.20644908829268538,Portland Trail Blazers,0.7935509117073146
Atlanta Hawks,0.21326688597473498,Golden State Warriors,0.786733114025265
Charlotte Hornets,0.6476695671341244,Memphis Grizzlies,0.3523304328658757
Boston Celtics,0.43332720500353406,Miami Heat,0.566672794996466
Utah Jazz,0.5936830713903207,Minnesota Timberwolves,0.4063169286096793
Oklahoma City Thunder,0.8350139126832913,New York Knicks,0.16498608731670872
Philadelphia 76ers,0.03238995780412768,Toronto Raptors,0.9676100421958723
Sacramento Kings,0.28365222853466365,Washington Wizards,0.7163477714653363
Los Angeles Clippers,0.855507107044836,Brooklyn Nets,0.14449289295516402
Detroit Pistons,0.3727566215121031,Charlotte Hornets,0.6272433784878969
Cleveland Cavaliers,0.8681247785398201,Milwaukee Bucks,0.13187522146018
Los Angeles Lakers,0.18934311770693635,New Orleans Pelicans,0.8106568822930637
Orlando Magic,0.10300124416019107,San Antonio Spurs,0.8969987558398089
Houston Rockets,0.42724737378696187,Utah Jazz,0.5727526262130381
Detroit Pistons,0.3636479237606085,Boston Celtics,0.6363520762393915
Los Angeles Lakers,0.09524054593952114,Chicago Bulls,0.9047594540604789
San Antonio Spurs,0.8041660464220297,Dallas Mavericks,0.19583395357797023
Miami Heat,0.6948627861048448,Denver Nuggets,0.30513721389515525
New York Knicks,0.3664401026734323,Minnesota Timberwolves,0.6335598973265677
Washington Wizards,0.2067496276290638,Oklahoma City Thunder,0.7932503723709362
Atlanta Hawks,0.7869183119452396,Phoenix Suns,0.2130816880547603
Indiana Pacers,0.25020753504080795,Portland Trail Blazers,0.749792464959192
Memphis Grizzlies,0.1687355537354458,Toronto Raptors,0.8312644462645542
Milwaukee Bucks,0.5496144824748312,Brooklyn Nets,0.45038551752516875
Dallas Mavericks,0.3258809774057584,Charlotte Hornets,0.6741190225942416
Los Angeles Clippers,0.3068259695971458,Cleveland Cavaliers,0.6931740304028542
Houston Rockets,0.14274542914948618,Golden State Warriors,0.8572545708505138
Orlando Magic,0.38335630133940857,Memphis Grizzlies,0.6166436986605914
Miami Heat,0.5169729350777077,Utah Jazz,0.48302706492229225
Detroit Pistons,0.37817145433603916,Atlanta Hawks,0.6218285456639608
Sacramento Kings,0.2113133969411055,Boston Celtics,0.7886866030588945
Cleveland Cavaliers,0.7507340963422972,Chicago Bulls,0.24926590365770282
Houston Rockets,0.6134753099050436,Denver Nuggets,0.3865246900949564
Los Angeles Clippers,0.7622194601160333,New Orleans Pelicans,0.23778053988396672
Minnesota Timberwolves,0.3941320867200664,New York Knicks,0.6058679132799336
Orlando Magic,0.7385796561799514,Philadelphia 76ers,0.26142034382004864
Washington Wizards,0.1584763828947512,San Antonio Spurs,0.8415236171052488
Los Angeles Lakers,0.04927063433444212,Toronto Raptors,0.9507293656655579
Minnesota Timberwolves,0.21296754743243973,Charlotte Hornets,0.7870324525675603
Chicago Bulls,0.3448429662458673,Dallas Mavericks,0.6551570337541327
Phoenix Suns,0.03678231771353979,Golden State Warriors,0.9632176822864602
Los Angeles Lakers,0.1408511339980687,Memphis Grizzlies,0.8591488660019313
Brooklyn Nets,0.22083967240967306,Milwaukee Bucks,0.7791603275903269
Boston Celtics,0.8891276608884287,Philadelphia 76ers,0.11087233911157134
Miami Heat,0.2718106759656861,Portland Trail Blazers,0.7281893240343139
Atlanta Hawks,0.37279329153610186,Toronto Raptors,0.6272067084638981
Denver Nuggets,0.26707465937586894,Utah Jazz,0.7329253406241311
Orlando Magic,0.3062335514823741,Detroit Pistons,0.6937664485176259
Indiana Pacers,0.36933478411030674,Los Angeles Clippers,0.6306652158896933
Sacramento Kings,0.401140325718346,New York Knicks,0.598859674281654
New Orleans Pelicans,0.09727968889472216,Oklahoma City Thunder,0.9027203111052778
Oklahoma City Thunder,0.6829853944853426,Atlanta Hawks,0.3170146055146575
Washington Wizards,0.7284772885622389,Brooklyn Nets,0.2715227114377611
Portland Trail Blazers,0.43464706065171765,Chicago Bulls,0.5653529393482823
Charlotte Hornets,0.5441119255759683,Dallas Mavericks,0.4558880744240317
Indiana Pacers,0.1759960207289133,Golden State Warriors,0.8240039792710867
Boston Celtics,0.5492921632070239,Houston Rockets,0.4507078367929761
Utah Jazz,0.7223355001019771,Los Angeles Lakers,0.27766449989802283
San Antonio Spurs,0.8987457454683575,Milwaukee Bucks,0.10125425453164254
Memphis Grizzlies,0.47776513980338275,New Orleans Pelicans,0.5222348601966172
Denver Nuggets,0.7194195198203491,Philadelphia 76ers,0.28058048017965087
Cleveland Cavaliers,0.5972196219115857,Toronto Raptors,0.4027803780884143
Chicago Bulls,0.36532097078028847,Detroit Pistons,0.6346790292197115
Philadelphia 76ers,0.09575407334226782,Memphis Grizzlies,0.9042459266577322
New York Knicks,0.15444125828540523,Miami Heat,0.8455587417145948
San Antonio Spurs,0.8966812962071993,Minnesota Timberwolves,0.10331870379280071
Phoenix Suns,0.1460802819327227,Utah Jazz,0.8539197180672773
Orlando Magic,0.30513689543774314,Washington Wizards,0.6948631045622569
Miami Heat,0.45737944051821355,Atlanta Hawks,0.5426205594817864
Denver Nuggets,0.5975315758598221,Brooklyn Nets,0.40246842414017786
Detroit Pistons,0.3727566215121031,Charlotte Hornets,0.6272433784878969
Sacramento Kings,0.2668443396178176,Dallas Mavericks,0.7331556603821824
Los Angeles Lakers,0.10171039353458544,Houston Rockets,0.8982896064654146
Golden State Warriors,0.7750460615523651,Los Angeles Clippers,0.22495393844763492
Portland Trail Blazers,0.6269214120584599,Milwaukee Bucks,0.3730785879415401
Cleveland Cavaliers,0.8485956872767493,New York Knicks,0.15140431272325072
Boston Celtics,0.6392685649702019,Orlando Magic,0.36073143502979815
Indiana Pacers,0.7442315323566889,Phoenix Suns,0.25576846764331107
San Antonio Spurs,0.8024087257161275,Chicago Bulls,0.19759127428387244
Portland Trail Blazers,0.5449058815905335,Memphis Grizzlies,0.45509411840946645
Philadelphia 76ers,0.13108906937705,New Orleans Pelicans,0.86891093062295
Minnesota Timberwolves,0.14682648265521403,Toronto Raptors,0.853173517344786
Golden State Warriors,0.8491520442372764,Utah Jazz,0.15084795576272358
Denver Nuggets,0.2849640863225318,Washington Wizards,0.7150359136774682
Toronto Raptors,0.5671165259322604,Boston Celtics,0.4328834740677396
Orlando Magic,0.23605926707334945,Charlotte Hornets,0.7639407329266505
Miami Heat,0.24585540549340923,Cleveland Cavaliers,0.7541445945065908
Indiana Pacers,0.4902856357169346,Dallas Mavericks,0.5097143642830654
Phoenix Suns,0.39288455609951656,Los Angeles Lakers,0.6071154439004834
Atlanta Hawks,0.7251860106784385,Milwaukee Bucks,0.27481398932156154
Detroit Pistons,0.6213098898665594,Minnesota Timberwolves,0.3786901101334405
Houston Rockets,0.22794953046540056,Oklahoma City Thunder,0.7720504695345994
New York Knicks,0.3271054340491518,Sacramento Kings,0.6728945659508482
Miami Heat,0.515511754425978,Chicago Bulls,0.4844882455740221
Charlotte Hornets,0.2655885750819287,Cleveland Cavaliers,0.7344114249180713
Dallas Mavericks,0.40181265081426154,Houston Rockets,0.5981873491857385
Portland Trail Blazers,0.4107699713786098,Indiana Pacers,0.5892300286213902
New Orleans Pelicans,0.14283667278662693,Los Angeles Clippers,0.8571633272133731
Golden State Warriors,0.8970750677124881,Memphis Grizzlies,0.10292493228751182
Denver Nuggets,0.36167849536133445,Orlando Magic,0.6383215046386655
Brooklyn Nets,0.03596123324103773,San Antonio Spurs,0.9640387667589623
Sacramento Kings,0.2658145414911811,Utah Jazz,0.7341854585088189
Milwaukee Bucks,0.24674527425198378,Washington Wizards,0.7532547257480162
Philadelphia 76ers,0.06992909759953858,Detroit Pistons,0.9300709024004614
New York Knicks,0.5073356073808382,Los Angeles Lakers,0.4926643926191618
Golden State Warriors,0.9228403452978035,Minnesota Timberwolves,0.07715965470219652
Boston Celtics,0.31086612039736383,Oklahoma City Thunder,0.6891338796026362
New Orleans Pelicans,0.4529457970603137,Phoenix Suns,0.5470542029396863
Denver Nuggets,0.26810755661450214,Dallas Mavericks,0.7318924433854979
Brooklyn Nets,0.12240741711856828,Houston Rockets,0.8775925828814317
Charlotte Hornets,0.5169732429364982,Indiana Pacers,0.48302675706350184
Portland Trail Blazers,0.32125637392782336,Los Angeles Clippers,0.6787436260721766
Washington Wizards,0.3064335579115005,Miami Heat,0.6935664420884995
Los Angeles Lakers,0.15901364672538898,Sacramento Kings,0.840986353274611
Milwaukee Bucks,0.12785246158990282,Toronto Raptors,0.8721475384100972
Orlando Magic,0.24024895227851306,Atlanta Hawks,0.7597510477214869
Minnesota Timberwolves,0.25901899093113256,Chicago Bulls,0.7409810090688674
Memphis Grizzlies,0.11215803145348757,Cleveland Cavaliers,0.8878419685465124
Golden State Warriors,0.9254696022641087,New Orleans Pelicans,0.07453039773589129
New York Knicks,0.4529097319058606,Phoenix Suns,0.5470902680941394
Oklahoma City Thunder,0.48824398977104577,Portland Trail Blazers,0.5117560102289542
Los Angeles Lakers,0.30138603462243074,Brooklyn Nets,0.6986139653775693
Detroit Pistons,0.43702823491217146,Dallas Mavericks,0.5629717650878285
Sacramento Kings,0.27910340313663307,Houston Rockets,0.7208965968633669
Cleveland Cavaliers,0.8242709538233916,Memphis Grizzlies,0.17572904617660848
Indiana Pacers,0.3909827205889138,Miami Heat,0.6090172794110862
Los Angeles Clippers,0.6932137610629445,Orlando Magic,0.3067862389370555
Toronto Raptors,0.9256876545992393,Philadelphia 76ers,0.07431234540076072
Boston Celtics,0.24581631970843398,San Antonio Spurs,0.754183680291566
Oklahoma City Thunder,0.7323033535305945,Utah Jazz,0.2676966464694055
Charlotte Hornets,0.5649271678313162,Washington Wizards,0.43507283216868375
Portland Trail Blazers,0.6219821653781507,Denver Nuggets,0.37801783462184935
New York Knicks,0.057285576681839756,Golden State Warriors,0.9427144233181602
Chicago Bulls,0.5322155569153761,Milwaukee Bucks,0.4677844430846239
Indiana Pacers,0.678523740191617,New Orleans Pelicans,0.321476259808383
San Antonio Spurs,0.9254962465239969,Phoenix Suns,0.0745037534760031
Charlotte Hornets,0.467688462956911,Boston Celtics,0.532311537043089
Milwaukee Bucks,0.22944568415604816,Chicago Bulls,0.7705543158439518
New Orleans Pelicans,0.2254928967460721,Houston Rockets,0.7745071032539279
Sacramento Kings,0.3592112881912707,Memphis Grizzlies,0.6407887118087293
Los Angeles Clippers,0.4936771693631401,Miami Heat,0.5063228306368599
Brooklyn Nets,0.16861881992010974,Orlando Magic,0.8313811800798903
Los Angeles Lakers,0.42694835319012436,Philadelphia 76ers,0.5730516468098756
Atlanta Hawks,0.37279329153610186,Toronto Raptors,0.6272067084638981
Dallas Mavericks,0.3858080594935456,Utah Jazz,0.6141919405064544
Detroit Pistons,0.45786120741025305,Washington Wizards,0.542138792589747
Charlotte Hornets,0.48321195944056705,Atlanta Hawks,0.516788040559433
Los Angeles Lakers,0.0312444414441142,Cleveland Cavaliers,0.9687555585558858
New York Knicks,0.366770139654818,Denver Nuggets,0.633229860345182
Indiana Pacers,0.5126424038673065,Detroit Pistons,0.4873575961326935
Portland Trail Blazers,0.14721086183043242,Golden State Warriors,0.8527891381695676
Houston Rockets,0.6131382292261536,Minnesota Timberwolves,0.3868617707738464
Phoenix Suns,0.06341642988160379,Oklahoma City Thunder,0.9365835701183962
Sacramento Kings,0.2668443396178176,Dallas Mavericks,0.7331556603821824
Utah Jazz,0.515687914778513,Memphis Grizzlies,0.4843120852214871
Boston Celtics,0.43332720500353406,Miami Heat,0.566672794996466
Toronto Raptors,0.7335265764337244,Orlando Magic,0.2664734235662756
Brooklyn Nets,0.47856882303301485,Philadelphia 76ers,0.5214311769669852
New Orleans Pelicans,0.07223855798104095,San Antonio Spurs,0.927761442018959
Los Angeles Clippers,0.6137976793808771,Washington Wizards,0.38620232061912285
Detroit Pistons,0.43429398741879666,Chicago Bulls,0.5657060125812033
Dallas Mavericks,0.5720126598001796,Denver Nuggets,0.4279873401998204
Washington Wizards,0.3724983403146913,Indiana Pacers,0.6275016596853087
Phoenix Suns,0.2665755020410283,Minnesota Timberwolves,0.7334244979589717
Atlanta Hawks,0.3246248105225299,Oklahoma City Thunder,0.6753751894774701
Los Angeles Lakers,0.07534665084342762,Charlotte Hornets,0.9246533491565724
Utah Jazz,0.13308154071981948,Golden State Warriors,0.8669184592801805
San Antonio Spurs,0.813712786613823,Houston Rockets,0.18628721338617701
Denver Nuggets,0.1823577251180839,Los Angeles Clippers,0.8176422748819161
Boston Celtics,0.6382866696301753,Memphis Grizzlies,0.36171333036982467
Orlando Magic,0.2122274223862366,Miami Heat,0.7877725776137634
Cleveland Cavaliers,0.8681247785398201,Milwaukee Bucks,0.13187522146018
Indiana Pacers,0.6390202319858621,New York Knicks,0.3609797680141379
New Orleans Pelicans,0.6570357137549554,Philadelphia 76ers,0.34296428624504466
Portland Trail Blazers,0.5799972470696735,Sacramento Kings,0.4200027529303266
Brooklyn Nets,0.0600095690437662,Toronto Raptors,0.9399904309562338
Minnesota Timberwolves,0.21686373446379348,Atlanta Hawks,0.7831362655362065
Washington Wizards,0.3956445470622827,Chicago Bulls,0.6043554529377173
Milwaukee Bucks,0.0836044543528911,Cleveland Cavaliers,0.9163955456471089
Memphis Grizzlies,0.3131543250352026,Detroit Pistons,0.6868456749647974
Oklahoma City Thunder,0.8578405345143104,New Orleans Pelicans,0.1421594654856896
Houston Rockets,0.694049817021489,Phoenix Suns,0.3059501829785109
Dallas Mavericks,0.17970600055068853,Portland Trail Blazers,0.8202939994493115
Sacramento Kings,0.2658145414911811,Utah Jazz,0.7341854585088189
Golden State Warriors,0.9582204918693336,Brooklyn Nets,0.0417795081306664
Boston Celtics,0.506760440415462,Indiana Pacers,0.493239559584538
San Antonio Spurs,0.7142935939121651,Los Angeles Clippers,0.285706406087835
Los Angeles Lakers,0.06633109318126551,Miami Heat,0.9336689068187345
Orlando Magic,0.4262290208119335,New York Knicks,0.5737709791880665
Oklahoma City Thunder,0.6693566056903972,Boston Celtics,0.3306433943096027
Chicago Bulls,0.28721207634394474,Charlotte Hornets,0.7127879236560553
Brooklyn Nets,0.03821233621545006,Cleveland Cavaliers,0.9617876637845499
Atlanta Hawks,0.7209686796093324,Denver Nuggets,0.2790313203906676
Golden State Warriors,0.8608872572723505,Detroit Pistons,0.13911274272764948
Dallas Mavericks,0.27769852200522827,Los Angeles Clippers,0.7223014779947717
Houston Rockets,0.5359585789918897,Memphis Grizzlies,0.46404142100811036
Washington Wizards,0.588629247257346,Milwaukee Bucks,0.41137075274265394
Sacramento Kings,0.4347863300708896,Minnesota Timberwolves,0.5652136699291104
Miami Heat,0.7024613427987627,New Orleans Pelicans,0.29753865720123723
Los Angeles Lakers,0.14136687709147078,Orlando Magic,0.8586331229085292
Philadelphia 76ers,0.17217650660809658,Phoenix Suns,0.8278234933919034
San Antonio Spurs,0.5875618483170616,Portland Trail Blazers,0.4124381516829384
Toronto Raptors,0.6390308223366452,Utah Jazz,0.36096917766335473
Golden State Warriors,0.6316280352161739,Cleveland Cavaliers,0.36837196478382606
Los Angeles Clippers,0.8460871306967587,Los Angeles Lakers,0.1539128693032413
Boston Celtics,0.6783083574797946,New York Knicks,0.32169164252020543
Minnesota Timberwolves,0.12216804588840546,Oklahoma City Thunder,0.8778319541115945
Chicago Bulls,0.13023651775829603,San Antonio Spurs,0.869763482241704
Charlotte Hornets,0.828686039848608,Brooklyn Nets,0.17131396015139197
Indiana Pacers,0.4875067232072471,Chicago Bulls,0.5124932767927529
Cleveland Cavaliers,0.7690749477591864,Detroit Pistons,0.23092505224081364
Phoenix Suns,0.1546440965455128,Houston Rockets,0.8453559034544872
Denver Nuggets,0.1823577251180839,Los Angeles Clippers,0.8176422748819161
Atlanta Hawks,0.720682660367381,Minnesota Timberwolves,0.279317339632619
Dallas Mavericks,0.5808249685032902,New Orleans Pelicans,0.4191750314967098
Memphis Grizzlies,0.39205141639027674,Orlando Magic,0.6079485836097233
Toronto Raptors,0.3817296898366286,Portland Trail Blazers,0.6182703101633714
Philadelphia 76ers,0.10883807278690794,Sacramento Kings,0.8911619272130921
Milwaukee Bucks,0.24674527425198378,Washington Wizards,0.7532547257480162
Memphis Grizzlies,0.2348382241120599,Boston Celtics,0.7651617758879401
Houston Rockets,0.4285375358915414,Dallas Mavericks,0.5714624641084586
Utah Jazz,0.7223355001019771,Los Angeles Lakers,0.27766449989802283
Oklahoma City Thunder,0.6473223115467319,Miami Heat,0.35267768845326813
New York Knicks,0.176542841080921,Atlanta Hawks,0.823457158919079
Brooklyn Nets,0.11478925877728607,Chicago Bulls,0.8852107412227139
Minnesota Timberwolves,0.4279579133551059,Denver Nuggets,0.5720420866448941
Milwaukee Bucks,0.24770688288268905,Detroit Pistons,0.752293117117311
Toronto Raptors,0.2832451184670617,Golden State Warriors,0.7167548815329383
Los Angeles Clippers,0.7622194601160333,New Orleans Pelicans,0.23778053988396672
Charlotte Hornets,0.6486400128081165,Orlando Magic,0.35135998719188355
Sacramento Kings,0.1121131242670157,Portland Trail Blazers,0.8878868757329843
Phoenix Suns,0.04664178445417544,San Antonio Spurs,0.9533582155458246
Indiana Pacers,0.5113513938735437,Washington Wizards,0.48864860612645633
Miami Heat,0.4516542313343723,Charlotte Hornets,0.5483457686656277
Boston Celtics,0.2576924828120739,Cleveland Cavaliers,0.7423075171879261
Dallas Mavericks,0.703810605545852,Los Angeles Lakers,0.29618939445414805
Oklahoma City Thunder,0.8089982581120556,Memphis Grizzlies,0.1910017418879444
Toronto Raptors,0.843350562755296,Phoenix Suns,0.156649437244704
Philadelphia 76ers,0.06401440253429103,Utah Jazz,0.935985597465709
Detroit Pistons,0.37817145433603916,Atlanta Hawks,0.6218285456639608
Miami Heat,0.4419760811511241,Boston Celtics,0.5580239188488759
Philadelphia 76ers,0.12703232028762157,Denver Nuggets,0.8729676797123784
Dallas Mavericks,0.12297559926001134,Golden State Warriors,0.8770244007399887
Los Angeles Clippers,0.6084514079938186,Houston Rockets,0.3915485920061814
Chicago Bulls,0.32065258990451306,Indiana Pacers,0.6793474100954869
Milwaukee Bucks,0.38889029099223305,Minnesota Timberwolves,0.611109709007767
New York Knicks,0.37519240513384833,New Orleans Pelicans,0.6248075948661517
Portland Trail Blazers,0.18110512744925855,San Antonio Spurs,0.8188948725507414
Brooklyn Nets,0.12484468401835602,Washington Wizards,0.875155315981644
Milwaukee Bucks,0.22944568415604816,Chicago Bulls,0.7705543158439518
Cleveland Cavaliers,0.6998272201409959,Charlotte Hornets,0.3001727798590041
New York Knicks,0.22546747794298316,Houston Rockets,0.7745325220570168
Los Angeles Clippers,0.36515082794683174,Oklahoma City Thunder,0.6348491720531683
Memphis Grizzlies,0.42548427786199927,Sacramento Kings,0.5745157221380007
Phoenix Suns,0.1460802819327227,Utah Jazz,0.8539197180672773
San Antonio Spurs,0.7628653814710141,Atlanta Hawks,0.2371346185289859
Orlando Magic,0.26576461758393155,Indiana Pacers,0.7342353824160684
Toronto Raptors,0.8700767808468534,Los Angeles Lakers,0.12992321915314667
Detroit Pistons,0.3412896002488883,Miami Heat,0.6587103997511117
Portland Trail Blazers,0.621647928008779,Minnesota Timberwolves,0.37835207199122106
Utah Jazz,0.7369749356363782,Brooklyn Nets,0.2630250643636219
Charlotte Hornets,0.5413519494307721,Chicago Bulls,0.4586480505692279
New Orleans Pelicans,0.07658015842194776,Cleveland Cavaliers,0.9234198415780522
Denver Nuggets,0.07522290459401437,Golden State Warriors,0.9247770954059856
Washington Wizards,0.41320153273574545,Houston Rockets,0.5867984672642546
Phoenix Suns,0.09477997529734006,Los Angeles Clippers,0.9052200247026599
Oklahoma City Thunder,0.8559975851768331,Milwaukee Bucks,0.14400241482316692
Orlando Magic,0.4262290208119335,New York Knicks,0.5737709791880665
Utah Jazz,0.33727412234584886,Boston Celtics,0.6627258776541511
Washington Wizards,0.39830679001941083,Dallas Mavericks,0.6016932099805892
Sacramento Kings,0.43513564590688414,Denver Nuggets,0.5648643540931159
Indiana Pacers,0.5126424038673065,Detroit Pistons,0.4873575961326935
Memphis Grizzlies,0.6107227260441466,Los Angeles Lakers,0.38927727395585343
Minnesota Timberwolves,0.7121557190535508,Philadelphia 76ers,0.2878442809464492
Miami Heat,0.7649711808787095,Phoenix Suns,0.23502881912129048
Toronto Raptors,0.33611558344069603,San Antonio Spurs,0.663884416559304
Oklahoma City Thunder,0.6779645670012212,Charlotte Hornets,0.3220354329987788
Chicago Bulls,0.1375470629094161,Cleveland Cavaliers,0.8624529370905839
Portland Trail Blazers,0.14721086183043242,Golden State Warriors,0.8527891381695676
Memphis Grizzlies,0.2024477436120684,Los Angeles Clippers,0.7975522563879316
Milwaukee Bucks,0.3565554465762266,New York Knicks,0.6434445534237734
Atlanta Hawks,0.6537730659934191,Orlando Magic,0.34622693400658083
Miami Heat,0.656502098313163,Sacramento Kings,0.343497901686837
Phoenix Suns,0.1467389258750621,Dallas Mavericks,0.8532610741249379
San Antonio Spurs,0.8968128979832939,Denver Nuggets,0.10318710201670611
Charlotte Hornets,0.5661967117253658,Detroit Pistons,0.4338032882746342
Oklahoma City Thunder,0.7452410382134622,Houston Rockets,0.25475896178653773
Brooklyn Nets,0.1052133385893328,Indiana Pacers,0.8947866614106672
Atlanta Hawks,0.7281714589264521,New Orleans Pelicans,0.2718285410735479
Los Angeles Lakers,0.035612874244616566,Portland Trail Blazers,0.9643871257553834
Utah Jazz,0.2518273061273163,Toronto Raptors,0.7481726938726837
Philadelphia 76ers,0.04817431638232417,Boston Celtics,0.9518256836176758
Cleveland Cavaliers,0.9250542797709523,Brooklyn Nets,0.0749457202290477
Memphis Grizzlies,0.08473321785272414,Golden State Warriors,0.9152667821472759
Miami Heat,0.8019291598525465,Los Angeles Lakers,0.1980708401474535
New York Knicks,0.3716753824271809,Milwaukee Bucks,0.6283246175728191
Houston Rockets,0.5370167647869664,Orlando Magic,0.4629832352130336
Los Angeles Clippers,0.7218355876213677,Sacramento Kings,0.2781644123786323
Minnesota Timberwolves,0.27774462130978994,Washington Wizards,0.7222553786902101
New Orleans Pelicans,0.16769508403414046,Boston Celtics,0.8323049159658595
Toronto Raptors,0.6376800975875243,Chicago Bulls,0.36231990241247564
Atlanta Hawks,0.5497119490288754,Dallas Mavericks,0.45028805097112456
New York Knicks,0.19704738498669283,Indiana Pacers,0.8029526150133072
Utah Jazz,0.5936830713903207,Minnesota Timberwolves,0.4063169286096793
Denver Nuggets,0.12604933547911212,Oklahoma City Thunder,0.8739506645208879
Charlotte Hornets,0.2534727689332804,San Antonio Spurs,0.7465272310667196
Philadelphia 76ers,0.21792734686336535,Brooklyn Nets,0.7820726531366347
Miami Heat,0.39579402814902875,Los Angeles Clippers,0.6042059718509712
Orlando Magic,0.6029991495801228,Los Angeles Lakers,0.39700085041987726
Utah Jazz,0.515687914778513,Memphis Grizzlies,0.4843120852214871
Washington Wizards,0.588629247257346,Milwaukee Bucks,0.41137075274265394
Cleveland Cavaliers,0.9020837103725179,Phoenix Suns,0.0979162896274821
Detroit Pistons,0.21217324688775208,Portland Trail Blazers,0.7878267531122479
Golden State Warriors,0.9095203898501006,Sacramento Kings,0.0904796101498994
Houston Rockets,0.2674538201272829,Toronto Raptors,0.7325461798727171
Oklahoma City Thunder,0.7311548134670588,Chicago Bulls,0.2688451865329412
Dallas Mavericks,0.5716646668088494,Minnesota Timberwolves,0.42833533319115064
New Orleans Pelicans,0.33498122357022864,New York Knicks,0.6650187764297714
Atlanta Hawks,0.8318705669547695,Brooklyn Nets,0.16812943304523054
Miami Heat,0.1928396196575094,Golden State Warriors,0.8071603803424906
Charlotte Hornets,0.5593900101342357,Houston Rockets,0.44060998986576433
Portland Trail Blazers,0.7452453814763824,Los Angeles Lakers,0.2547546185236175
Detroit Pistons,0.5796471591124167,Sacramento Kings,0.4203528408875833
Milwaukee Bucks,0.07889864736928487,San Antonio Spurs,0.9211013526307151
Boston Celtics,0.3580754593600787,Toronto Raptors,0.6419245406399213
Cleveland Cavaliers,0.7518273825687161,Utah Jazz,0.24817261743128388
Chicago Bulls,0.3641237738227632,Washington Wizards,0.6358762261772368
Washington Wizards,0.32764421796056964,Boston Celtics,0.6723557820394304
Orlando Magic,0.19727090198650932,Los Angeles Clippers,0.8027290980134907
Houston Rockets,0.6131382292261536,Minnesota Timberwolves,0.3868617707738464
Memphis Grizzlies,0.14100576173302193,Oklahoma City Thunder,0.8589942382669781
New York Knicks,0.6570029146510108,Philadelphia 76ers,0.34299708534898915
Cleveland Cavaliers,0.5137488031427655,Portland Trail Blazers,0.48625119685723456
New Orleans Pelicans,0.5259063992904467,Brooklyn Nets,0.47409360070955336
Indiana Pacers,0.6706005249862768,Denver Nuggets,0.3293994750137233
Detroit Pistons,0.14703055566321444,Golden State Warriors,0.8529694443367856
Chicago Bulls,0.49204835567641114,New York Knicks,0.5079516443235889
Dallas Mavericks,0.6563892911713587,Phoenix Suns,0.34361070882864136
Los Angeles Lakers,0.029391275848513976,San Antonio Spurs,0.970608724151486
Boston Celtics,0.4730129837419278,Atlanta Hawks,0.5269870162580722
Memphis Grizzlies,0.3072351760564811,Houston Rockets,0.6927648239435189
Miami Heat,0.6993101259431502,Milwaukee Bucks,0.3006898740568498
Oklahoma City Thunder,0.8532039130449623,Minnesota Timberwolves,0.14679608695503768
Charlotte Hornets,0.8930935368207968,Philadelphia 76ers,0.10690646317920321
Orlando Magic,0.12283280885470771,Portland Trail Blazers,0.8771671911452923
Cleveland Cavaliers,0.8439885152082867,Sacramento Kings,0.1560114847917134
Brooklyn Nets,0.0600095690437662,Toronto Raptors,0.9399904309562338
Detroit Pistons,0.43573200141271806,Utah Jazz,0.5642679985872819
New Orleans Pelicans,0.21301635690973197,Chicago Bulls,0.786983643090268
Los Angeles Lakers,0.060862110099814015,Los Angeles Clippers,0.939137889900186
San Antonio Spurs,0.9254962465239969,Phoenix Suns,0.0745037534760031
Orlando Magic,0.2864884650643542,Utah Jazz,0.7135115349356458
Philadelphia 76ers,0.06959378572026387,Washington Wizards,0.9304062142797361
Milwaukee Bucks,0.1908637174574278,Atlanta Hawks,0.8091362825425722
Houston Rockets,0.7524301404877474,Brooklyn Nets,0.2475698595122526
Minnesota Timberwolves,0.26115916889004254,Dallas Mavericks,0.7388408311099575
Detroit Pistons,0.7449724688603483,Los Angeles Lakers,0.2550275311396517
Chicago Bulls,0.4477211988493698,Memphis Grizzlies,0.5522788011506302
Oklahoma City Thunder,0.8300762099548531,Sacramento Kings,0.16992379004514696
New York Knicks,0.11757245583718434,Toronto Raptors,0.8824275441628157
Charlotte Hornets,0.467688462956911,Boston Celtics,0.532311537043089
Orlando Magic,0.46071480887276073,Denver Nuggets,0.5392851911272393
Cleveland Cavaliers,0.4034286624402542,Golden State Warriors,0.5965713375597458
New Orleans Pelicans,0.19707041498578504,Indiana Pacers,0.802929585014215
Oklahoma City Thunder,0.6260718275656795,Los Angeles Clippers,0.3739281724343205
Philadelphia 76ers,0.12938640526262202,Milwaukee Bucks,0.870613594737378
Atlanta Hawks,0.6919994243051528,New York Knicks,0.3080005756948472
Utah Jazz,0.6765169209453865,Phoenix Suns,0.3234830790546135
Portland Trail Blazers,0.45821792112519233,Washington Wizards,0.5417820788748077
Toronto Raptors,0.878239806219101,Brooklyn Nets,0.12176019378089899
Dallas Mavericks,0.384422558463985,Chicago Bulls,0.615577441536015
Denver Nuggets,0.5795587038167341,Los Angeles Lakers,0.42044129618326587
Houston Rockets,0.3335568784615607,Miami Heat,0.6664431215384393
Minnesota Timberwolves,0.091368753315624,San Antonio Spurs,0.908631246684376
New York Knicks,0.16767477001001763,Boston Celtics,0.8323252299899824
Portland Trail Blazers,0.373092660790874,Charlotte Hornets,0.626907339209126
Atlanta Hawks,0.5717389740087244,Detroit Pistons,0.42826102599127563
Oklahoma City Thunder,0.379130382379385,Golden State Warriors,0.620869617620615
Milwaukee Bucks,0.24258788024416256,Houston Rockets,0.7574121197558374
Orlando Magic,0.46969420642838144,New Orleans Pelicans,0.5303057935716186
Toronto Raptors,0.9256876545992393,Philadelphia 76ers,0.07431234540076072
Indiana Pacers,0.630810267758483,Sacramento Kings,0.3691897322415169
Memphis Grizzlies,0.31204403237252876,Washington Wizards,0.6879559676274712
Phoenix Suns,0.04952712095202705,Cleveland Cavaliers,0.950472879047973
Minnesota Timberwolves,0.17709393541462215,Los Angeles Clippers,0.8229060645853778
Dallas Mavericks,0.2965005210731241,Miami Heat,0.7034994789268759
Washington Wizards,0.5492030945443047,New York Knicks,0.45079690545569523
Denver Nuggets,0.09437674594722933,San Antonio Spurs,0.9056232540527707
Chicago Bulls,0.2919626699894253,Atlanta Hawks,0.7080373300105747
Toronto Raptors,0.5767029500390681,Charlotte Hornets,0.42329704996093187
Utah Jazz,0.4087509544475013,Dallas Mavericks,0.5912490455524987
Golden State Warriors,0.8575410641333849,Houston Rockets,0.142458935866615
Indiana Pacers,0.7835279141656178,Los Angeles Lakers,0.21647208583438218
Sacramento Kings,0.3592112881912707,Memphis Grizzlies,0.6407887118087293
Brooklyn Nets,0.22343695312024647,New Orleans Pelicans,0.7765630468797535
Milwaukee Bucks,0.3177429622192466,Orlando Magic,0.6822570377807534
Portland Trail Blazers,0.8447540260550258,Philadelphia 76ers,0.15524597394497422
Philadelphia 76ers,0.05111028720296329,Atlanta Hawks,0.9488897127970367
Portland Trail Blazers,0.3639805165695479,Boston Celtics,0.6360194834304521
Sacramento Kings,0.2646742618671637,Chicago Bulls,0.7353257381328363
Brooklyn Nets,0.09122372772545251,Charlotte Hornets,0.9087762722745475
San Antonio Spurs,0.5544111790425728,Cleveland Cavaliers,0.4455888209574272
Los Angeles Clippers,0.7556160821303881,Denver Nuggets,0.24438391786961186
Washington Wizards,0.41992472366562017,Detroit Pistons,0.5800752763343798
Houston Rockets,0.5359585789918897,Memphis Grizzlies,0.46404142100811036
Milwaukee Bucks,0.1673336108756578,Miami Heat,0.8326663891243422
Phoenix Suns,0.2404098160366962,New York Knicks,0.7595901839633038
Indiana Pacers,0.48896863792344714,Utah Jazz,0.5110313620765529
Los Angeles Lakers,0.09620317745994078,Dallas Mavericks,0.9037968225400592
Denver Nuggets,0.436371375174862,Minnesota Timberwolves,0.563628624825138
Golden State Warriors,0.8974673119434434,Orlando Magic,0.10253268805655653
Phoenix Suns,0.07726011239351338,Toronto Raptors,0.9227398876064866
Los Angeles Clippers,0.5336846997975668,Atlanta Hawks,0.4663153002024332
San Antonio Spurs,0.943319482314797,Brooklyn Nets,0.05668051768520298
Washington Wizards,0.336327727300027,Charlotte Hornets,0.663672272699973
Sacramento Kings,0.2847033062736152,Detroit Pistons,0.7152966937263848
New York Knicks,0.19704738498669283,Indiana Pacers,0.8029526150133072
Golden State Warriors,0.7906611358684197,Miami Heat,0.20933886413158026
Houston Rockets,0.6184575246416565,Milwaukee Bucks,0.3815424753583435
Cleveland Cavaliers,0.869836124050388,New Orleans Pelicans,0.13016387594961196
Oklahoma City Thunder,0.7323033535305945,Utah Jazz,0.2676966464694055
Utah Jazz,0.5940258796196694,Denver Nuggets,0.4059741203803306
Chicago Bulls,0.4487736526980789,Orlando Magic,0.5512263473019211
Los Angeles Clippers,0.9109149219769488,Philadelphia 76ers,0.08908507802305123
Minnesota Timberwolves,0.5167411077859226,Phoenix Suns,0.48325889221407736
San Antonio Spurs,0.6665849884132302,Toronto Raptors,0.33341501158676984
Boston Celtics,0.5548552379068252,Washington Wizards,0.4451447620931748
Houston Rockets,0.3556821583888524,Boston Celtics,0.6443178416111476
Miami Heat,0.8134558814352361,Brooklyn Nets,0.18654411856476394
Atlanta Hawks,0.5469576473104756,Chicago Bulls,0.4530423526895245
Golden State Warriors,0.812457613840899,Charlotte Hornets,0.18754238615910102
Sacramento Kings,0.09932732540866207,Cleveland Cavaliers,0.9006726745913379
New York Knicks,0.21486210816088114,Dallas Mavericks,0.7851378918391189
Toronto Raptors,0.7326939658032448,Memphis Grizzlies,0.2673060341967553
Philadelphia 76ers,0.12938640526262202,Milwaukee Bucks,0.870613594737378
Oklahoma City Thunder,0.8578405345143104,New Orleans Pelicans,0.1421594654856896
Los Angeles Lakers,0.035612874244616566,Portland Trail Blazers,0.9643871257553834
Phoenix Suns,0.2668534792804813,Denver Nuggets,0.7331465207195187
Indiana Pacers,0.6702864874286414,Minnesota Timberwolves,0.3297135125713586
Dallas Mavericks,0.1991201634535381,Oklahoma City Thunder,0.8008798365464619
Los Angeles Lakers,0.09574591218577078,Utah Jazz,0.9042540878142292
Washington Wizards,0.3415014899396036,Atlanta Hawks,0.6584985100603964
Orlando Magic,0.22907100970944472,Boston Celtics,0.7709289902905553
Miami Heat,0.515511754425978,Chicago Bulls,0.4844882455740221
Brooklyn Nets,0.03821233621545006,Cleveland Cavaliers,0.9617876637845499
Sacramento Kings,0.24607043673810725,Indiana Pacers,0.7539295632618928
San Antonio Spurs,0.9001054474445227,New Orleans Pelicans,0.0998945525554773
Charlotte Hornets,0.6871619152783066,New York Knicks,0.31283808472169333
Houston Rockets,0.8399705447726403,Philadelphia 76ers,0.1600294552273597
Memphis Grizzlies,0.12636372773940263,Portland Trail Blazers,0.8736362722605974
Milwaukee Bucks,0.12785246158990282,Toronto Raptors,0.8721475384100972
Sacramento Kings,0.2179130508892383,Charlotte Hornets,0.7820869491107617
Los Angeles Clippers,0.24493270654060906,Golden State Warriors,0.7550672934593909
Detroit Pistons,0.3412896002488883,Miami Heat,0.6587103997511117
Boston Celtics,0.7123569431223156,Milwaukee Bucks,0.2876430568776845
Brooklyn Nets,0.21699526060602037,Minnesota Timberwolves,0.7830047393939796
Denver Nuggets,0.5256516052402693,Phoenix Suns,0.4743483947597307
Memphis Grizzlies,0.2931515621857247,Utah Jazz,0.7068484378142753
New York Knicks,0.176542841080921,Atlanta Hawks,0.823457158919079
Philadelphia 76ers,0.06366472966264747,Chicago Bulls,0.9363352703373525
Oklahoma City Thunder,0.45452155482134293,Cleveland Cavaliers,0.5454784451786571
Houston Rockets,0.4020792425269878,Indiana Pacers,0.5979207574730122
Washington Wizards,0.5922640920594314,New Orleans Pelicans,0.4077359079405686
Golden State Warriors,0.6625307800521573,Portland Trail Blazers,0.33746921994784274
Dallas Mavericks,0.15228631106261947,San Antonio Spurs,0.8477136889373805
Orlando Magic,0.164243246735715,Toronto Raptors,0.835756753264285
Detroit Pistons,0.3636479237606085,Boston Celtics,0.6363520762393915
Cleveland Cavaliers,0.7528094181624803,Dallas Mavericks,0.2471905818375197
Brooklyn Nets,0.0804737467691351,Miami Heat,0.9195262532308649
Orlando Magic,0.460361694090792,Minnesota Timberwolves,0.539638305909208
Sacramento Kings,0.7181162782394803,Philadelphia 76ers,0.28188372176051973
Memphis Grizzlies,0.5577623743175144,Phoenix Suns,0.44223762568248554
Sacramento Kings,0.27910340313663307,Houston Rockets,0.7208965968633669
Denver Nuggets,0.5795587038167341,Los Angeles Lakers,0.42044129618326587
Charlotte Hornets,0.29281821781541484,Portland Trail Blazers,0.7071817821845852
Oklahoma City Thunder,0.43893814471162185,San Antonio Spurs,0.5610618552883782
New Orleans Pelicans,0.11758755743840177,Toronto Raptors,0.8824124425615982
New York Knicks,0.2294203400932494,Washington Wizards,0.7705796599067506
Toronto Raptors,0.5671165259322604,Boston Celtics,0.4328834740677396
New York Knicks,0.5258701091738176,Brooklyn Nets,0.47412989082618245
Minnesota Timberwolves,0.09674020854014265,Cleveland Cavaliers,0.9032597914598574
Philadelphia 76ers,0.06433090503916294,Dallas Mavericks,0.9356690949608371
Memphis Grizzlies,0.4687678373248362,Denver Nuggets,0.5312321626751638
New Orleans Pelicans,0.2303608810014428,Detroit Pistons,0.7696391189985572
Charlotte Hornets,0.2094996577885243,Golden State Warriors,0.7905003422114757
Atlanta Hawks,0.4489747444192519,Miami Heat,0.5510252555807481
Chicago Bulls,0.17166240373900843,Oklahoma City Thunder,0.8283375962609916
Indiana Pacers,0.598037963972007,Orlando Magic,0.401962036027993
Los Angeles Clippers,0.8154726477138338,Phoenix Suns,0.18452735228616626
Milwaukee Bucks,0.23048176271131848,Utah Jazz,0.7695182372886815
Atlanta Hawks,0.5649524156428204,Houston Rockets,0.4350475843571796
Golden State Warriors,0.7750460615523651,Los Angeles Clippers,0.22495393844763492
Philadelphia 76ers,0.019184060411033488,San Antonio Spurs,0.9808159395889665
Los Angeles Lakers,0.10378429494004926,Washington Wizards,0.8962157050599507
Los Angeles Lakers,0.07266356396220053,Boston Celtics,0.9273364360377995
Indiana Pacers,0.7958528865167418,Brooklyn Nets,0.20414711348325823
Milwaukee Bucks,0.3892281257694987,Denver Nuggets,0.6107718742305013
Minnesota Timberwolves,0.2787823275725969,Detroit Pistons,0.7212176724274031
Chicago Bulls,0.35893106634059857,Houston Rockets,0.6410689336594014
Memphis Grizzlies,0.14100576173302193,Oklahoma City Thunder,0.8589942382669781
Toronto Raptors,0.7335265764337244,Orlando Magic,0.2664734235662756
Dallas Mavericks,0.17970600055068853,Portland Trail Blazers,0.8202939994493115
Phoenix Suns,0.23400130304414057,Sacramento Kings,0.7659986969558594
Orlando Magic,0.24024895227851306,Atlanta Hawks,0.7597510477214869
Detroit Pistons,0.41042221344018315,Indiana Pacers,0.5895777865598169
Philadelphia 76ers,0.04387505536696468,Miami Heat,0.9561249446330353
Memphis Grizzlies,0.4684139114048821,Minnesota Timberwolves,0.5315860885951179
Cleveland Cavaliers,0.8485956872767493,New York Knicks,0.15140431272325072
Milwaukee Bucks,0.4766717666542718,Phoenix Suns,0.5233282333457282
Golden State Warriors,0.9095203898501006,Sacramento Kings,0.0904796101498994
Denver Nuggets,0.09437674594722933,San Antonio Spurs,0.9056232540527707
Charlotte Hornets,0.5428043141933523,Utah Jazz,0.45719568580664777
New Orleans Pelicans,0.22944607251983107,Washington Wizards,0.7705539274801689
Los Angeles Clippers,0.5181655252973554,Boston Celtics,0.4818344747026447
Toronto Raptors,0.878239806219101,Brooklyn Nets,0.12176019378089899
Portland Trail Blazers,0.23435170774592606,Oklahoma City Thunder,0.7656482922540739
Utah Jazz,0.35132586027811163,Atlanta Hawks,0.6486741397218884
Dallas Mavericks,0.5720126598001796,Denver Nuggets,0.4279873401998204
Philadelphia 76ers,0.06992909759953858,Detroit Pistons,0.9300709024004614
Oklahoma City Thunder,0.7114880490403825,Indiana Pacers,0.2885119509596174
San Antonio Spurs,0.8634732296824073,Memphis Grizzlies,0.13652677031759275
Miami Heat,0.6945613439335403,Minnesota Timberwolves,0.30543865606645976
Phoenix Suns,0.27397403157758093,New Orleans Pelicans,0.7260259684224191
Los Angeles Lakers,0.16380767097213622,New York Knicks,0.8361923290278638
Chicago Bulls,0.4831990721127164,Sacramento Kings,0.5168009278872836
Los Angeles Clippers,0.41563198214790575,Toronto Raptors,0.5843680178520942
Cleveland Cavaliers,0.7681560167484969,Washington Wizards,0.23184398325150318
Brooklyn Nets,0.09122372772545251,Charlotte Hornets,0.9087762722745475
Portland Trail Blazers,0.43738181238425344,Dallas Mavericks,0.5626181876157466
Orlando Magic,0.3003880059683569,Houston Rockets,0.6996119940316431
Denver Nuggets,0.22298928942386542,Atlanta Hawks,0.7770107105761346
Washington Wizards,0.7284772885622389,Brooklyn Nets,0.2715227114377611
Los Angeles Lakers,0.10426588019046656,Detroit Pistons,0.8957341198095334
Chicago Bulls,0.10464586029733114,Golden State Warriors,0.8953541397026689
Cleveland Cavaliers,0.7319745682230809,Indiana Pacers,0.268025431776919
Phoenix Suns,0.20940642524153397,Memphis Grizzlies,0.790593574758466
Miami Heat,0.6993101259431502,Milwaukee Bucks,0.3006898740568498
Toronto Raptors,0.7899748467832108,Minnesota Timberwolves,0.2100251532167891
Utah Jazz,0.6026997486831913,New Orleans Pelicans,0.39730025131680863
Los Angeles Clippers,0.7288913083119466,New York Knicks,0.27110869168805346
San Antonio Spurs,0.9663777921261132,Philadelphia 76ers,0.03362220787388685
Boston Celtics,0.6705312438106683,Sacramento Kings,0.32946875618933164
Houston Rockets,0.3647056817234504,Charlotte Hornets,0.6352943182765496
Utah Jazz,0.4087509544475013,Dallas Mavericks,0.5912490455524987
Cleveland Cavaliers,0.5452625658777597,Oklahoma City Thunder,0.45473743412224027
Philadelphia 76ers,0.09612316306282098,Orlando Magic,0.903876836937179
Boston Celtics,0.28442610039815464,Portland Trail Blazers,0.7155738996018454
Miami Heat,0.8134558814352361,Brooklyn Nets,0.18654411856476394
San Antonio Spurs,0.8178698079304524,Detroit Pistons,0.18213019206954761
Golden State Warriors,0.8970750677124881,Memphis Grizzlies,0.10292493228751182
Los Angeles Lakers,0.18704669314152578,Milwaukee Bucks,0.8129533068584742
New Orleans Pelicans,0.36647389462672486,Minnesota Timberwolves,0.6335261053732751
Denver Nuggets,0.40269010102741176,New York Knicks,0.5973098989725882
Chicago Bulls,0.6142366340206633,Phoenix Suns,0.38576336597933675
Atlanta Hawks,0.6843992993258118,Sacramento Kings,0.3156007006741882
Indiana Pacers,0.5113513938735437,Washington Wizards,0.48864860612645633
Los Angeles Clippers,0.5279336380439055,Charlotte Hornets,0.4720663619560946
Denver Nuggets,0.09990559386985587,Cleveland Cavaliers,0.9000944061301441
Orlando Magic,0.28756698542264547,Dallas Mavericks,0.7124330145773545
Phoenix Suns,0.1546440965455128,Houston Rockets,0.8453559034544872
Milwaukee Bucks,0.21260212380960486,Indiana Pacers,0.7873978761903951
Golden State Warriors,0.6902163391443913,Oklahoma City Thunder,0.3097836608556087
Miami Heat,0.8827793782521594,Philadelphia 76ers,0.11722062174784066
Boston Celtics,0.5326439296316217,Utah Jazz,0.4673560703683783
Chicago Bulls,0.5266142266016498,Minnesota Timberwolves,0.47338577339835014
San Antonio Spurs,0.8831408357649959,New York Knicks,0.11685916423500406
New Orleans Pelicans,0.32713747164266427,Sacramento Kings,0.6728625283573357
Detroit Pistons,0.27428479973865205,Toronto Raptors,0.725715200261348
Memphis Grizzlies,0.6282179972980796,Brooklyn Nets,0.3717820027019204
Philadelphia 76ers,0.05000190056485099,Charlotte Hornets,0.949998099435149
Boston Celtics,0.5339556504120913,Dallas Mavericks,0.46604434958790875
Golden State Warriors,0.9229414905266462,Denver Nuggets,0.07705850947335374
San Antonio Spurs,0.7864318485570643,Indiana Pacers,0.21356815144293578
Orlando Magic,0.2122274223862366,Miami Heat,0.7877725776137634
Detroit Pistons,0.626585255322448,Milwaukee Bucks,0.373414744677552
New Orleans Pelicans,0.4529457970603137,Phoenix Suns,0.5470542029396863
Atlanta Hawks,0.29751979276756146,Portland Trail Blazers,0.7024802072324385
Los Angeles Clippers,0.5923667291635724,Utah Jazz,0.40763327083642764
Oklahoma City Thunder,0.7494885497247763,Washington Wizards,0.2505114502752237
Toronto Raptors,0.6376800975875243,Chicago Bulls,0.36231990241247564
Sacramento Kings,0.5779869082111544,Los Angeles Lakers,0.42201309178884566
Cleveland Cavaliers,0.865529417046053,Minnesota Timberwolves,0.13447058295394698
Philadelphia 76ers,0.04817431638232417,Boston Celtics,0.9518256836176758
Milwaukee Bucks,0.5496144824748312,Brooklyn Nets,0.45038551752516875
Indiana Pacers,0.22567583632303478,Cleveland Cavaliers,0.7743241636769652
Minnesota Timberwolves,0.4279579133551059,Denver Nuggets,0.5720420866448941
Dallas Mavericks,0.4084795294644804,Detroit Pistons,0.5915204705355196
Sacramento Kings,0.07477563448636293,Golden State Warriors,0.9252243655136371
Miami Heat,0.5336906903070312,Houston Rockets,0.4663093096929688
Atlanta Hawks,0.42636380964685383,Los Angeles Clippers,0.5736361903531462
New Orleans Pelicans,0.2965431470163661,Memphis Grizzlies,0.7034568529836339
New York Knicks,0.09726690791608605,Oklahoma City Thunder,0.902733092083914
San Antonio Spurs,0.863974112209268,Orlando Magic,0.13602588779073202
Los Angeles Lakers,0.24357098550193113,Phoenix Suns,0.7564290144980689
Charlotte Hornets,0.3675245340486233,Toronto Raptors,0.6324754659513767
Portland Trail Blazers,0.4360853425177853,Utah Jazz,0.5639146574822147
Boston Celtics,0.5311871651783505,Chicago Bulls,0.4688128348216495
Washington Wizards,0.3724983403146913,Indiana Pacers,0.6275016596853087
New York Knicks,0.07656986634852403,Cleveland Cavaliers,0.923430133651476
Charlotte Hornets,0.5661967117253658,Detroit Pistons,0.4338032882746342
Los Angeles Clippers,0.24493270654060906,Golden State Warriors,0.7550672934593909
Houston Rockets,0.6219980603713195,New Orleans Pelicans,0.3780019396286805
Portland Trail Blazers,0.5459609488298175,Orlando Magic,0.4540390511701825
Denver Nuggets,0.39420070567669785,Sacramento Kings,0.6057992943233022
Miami Heat,0.45737944051821355,Atlanta Hawks,0.5426205594817864
Phoenix Suns,0.1453519459484942,Chicago Bulls,0.8546480540515058
Brooklyn Nets,0.21723685054521868,Denver Nuggets,0.7827631494547813
Memphis Grizzlies,0.2721295522245749,Indiana Pacers,0.7278704477754251
San Antonio Spurs,0.7142935939121651,Los Angeles Clippers,0.285706406087835
Utah Jazz,0.5990949618966916,Milwaukee Bucks,0.40090503810330835
Dallas Mavericks,0.5716646668088494,Minnesota Timberwolves,0.42833533319115064
Los Angeles Lakers,0.040223563363668946,Oklahoma City Thunder,0.959776436636331
Washington Wizards,0.8224892498344633,Philadelphia 76ers,0.17751075016553672
Boston Celtics,0.3580754593600787,Toronto Raptors,0.6419245406399213
Chicago Bulls,0.1375470629094161,Cleveland Cavaliers,0.8624529370905839
New Orleans Pelicans,0.21488666304971105,Dallas Mavericks,0.785113336950289
Brooklyn Nets,0.02829249425463931,Golden State Warriors,0.9717075057453607
Minnesota Timberwolves,0.2732543956968678,Houston Rockets,0.7267456043031322
Indiana Pacers,0.3909827205889138,Miami Heat,0.6090172794110862
Philadelphia 76ers,0.11232141573925902,New York Knicks,0.887678584260741
Atlanta Hawks,0.6537730659934191,Orlando Magic,0.34622693400658083
Charlotte Hornets,0.6794977076100841,Sacramento Kings,0.32050229238991584
Memphis Grizzlies,0.4687678373248362,Denver Nuggets,0.5312321626751638
Boston Celtics,0.5561310797677737,Detroit Pistons,0.44386892023222635
Charlotte Hornets,0.4208459471885808,Los Angeles Clippers,0.5791540528114192
San Antonio Spurs,0.9392175523126414,Los Angeles Lakers,0.06078244768735865
Phoenix Suns,0.2709942983519644,Milwaukee Bucks,0.7290057016480356
New Orleans Pelicans,0.09727968889472216,Oklahoma City Thunder,0.9027203111052778
Portland Trail Blazers,0.274570926198057,Toronto Raptors,0.725429073801943
Utah Jazz,0.4292637794449268,Washington Wizards,0.5707362205550732
Atlanta Hawks,0.4733185596038533,Boston Celtics,0.5266814403961467
Milwaukee Bucks,0.0836044543528911,Cleveland Cavaliers,0.9163955456471089
Miami Heat,0.5182888616770589,Dallas Mavericks,0.4817111383229411
Indiana Pacers,0.5057289554825458,Houston Rockets,0.4942710445174542
Toronto Raptors,0.7660978302787255,New York Knicks,0.2339021697212745
Golden State Warriors,0.9753751364377785,Philadelphia 76ers,0.024624863562221506
Minnesota Timberwolves,0.38570660618238173,Sacramento Kings,0.6142933938176183
Denver Nuggets,0.26593093212694474,Chicago Bulls,0.7340690678730553
Portland Trail Blazers,0.45950092935672215,Detroit Pistons,0.5404990706432778
Charlotte Hornets,0.8178897200384935,Los Angeles Lakers,0.18211027996150653
Phoenix Suns,0.20940642524153397,Memphis Grizzlies,0.790593574758466
Utah Jazz,0.21395699371530663,Oklahoma City Thunder,0.7860430062846934
Golden State Warriors,0.8602672985878433,Washington Wizards,0.13973270141215663
Dallas Mavericks,0.3309741796362319,Atlanta Hawks,0.6690258203637681
Cleveland Cavaliers,0.691537759017404,Boston Celtics,0.308462240982596
Houston Rockets,0.3134520277767009,Los Angeles Clippers,0.6865479722232991
Philadelphia 76ers,0.04387505536696468,Miami Heat,0.9561249446330353
Denver Nuggets,0.44190888089547753,Milwaukee Bucks,0.5580911191045225
Detroit Pistons,0.6300954797542575,New Orleans Pelicans,0.36990452024574255
New York Knicks,0.2974012010522141,Orlando Magic,0.7025987989477859
Brooklyn Nets,0.18891895378781665,Sacramento Kings,0.8110810462121834
Indiana Pacers,0.2148481417551782,San Antonio Spurs,0.7851518582448218
Washington Wizards,0.24373981407181822,Toronto Raptors,0.7562601859281818
Minnesota Timberwolves,0.26014352588824907,Utah Jazz,0.7398564741117509
Golden State Warriors,0.8484010536336846,Chicago Bulls,0.15159894636631543
Charlotte Hornets,0.7831043448588053,Phoenix Suns,0.21689565514119474
Oklahoma City Thunder,0.48824398977104577,Portland Trail Blazers,0.5117560102289542
Cleveland Cavaliers,0.704655678462623,Atlanta Hawks,0.29534432153737705
Memphis Grizzlies,0.29424482217922243,Dallas Mavericks,0.7057551778207776
Boston Celtics,0.8117221667802301,Los Angeles Lakers,0.18827783321976985
Los Angeles Clippers,0.7594844416326715,Milwaukee Bucks,0.24051555836732852
San Antonio Spurs,0.9001054474445227,New Orleans Pelicans,0.0998945525554773
Miami Heat,0.6246533920993542,Orlando Magic,0.3753466079006457
New York Knicks,0.6570029146510108,Philadelphia 76ers,0.34299708534898915
Oklahoma City Thunder,0.8926933596461655,Phoenix Suns,0.10730664035383455
Brooklyn Nets,0.11538512581786409,Utah Jazz,0.8846148741821359
Toronto Raptors,0.6594189868586043,Washington Wizards,0.34058101314139566
Los Angeles Clippers,0.5909531616393634,Chicago Bulls,0.4090468383606366
Charlotte Hornets,0.7163996967768742,Denver Nuggets,0.2836003032231258
Memphis Grizzlies,0.3072351760564811,Houston Rockets,0.6927648239435189
Cleveland Cavaliers,0.670253439187752,Miami Heat,0.32974656081224796
Toronto Raptors,0.7936808486024397,Milwaukee Bucks,0.20631915139756032
Detroit Pistons,0.8445654810652982,Philadelphia 76ers,0.1554345189347018
Brooklyn Nets,0.04351122686381148,Portland Trail Blazers,0.9564887731361885
Minnesota Timberwolves,0.091368753315624,San Antonio Spurs,0.908631246684376
Indiana Pacers,0.4297313292601619,Atlanta Hawks,0.5702686707398381
Oklahoma City Thunder,0.733335244502261,Dallas Mavericks,0.266664755497739
New Orleans Pelicans,0.5073719871746307,Los Angeles Lakers,0.4926280128253692
Golden State Warriors,0.9123932190856598,New York Knicks,0.08760678091434021
Boston Celtics,0.7760812411944293,Phoenix Suns,0.2239187588055707
Utah Jazz,0.5511765371751025,Sacramento Kings,0.44882346282489755
Orlando Magic,0.30513689543774314,Washington Wizards,0.6948631045622569
Golden State Warriors,0.815950815372447,Atlanta Hawks,0.18404918462755301
Indiana Pacers,0.4240817240461684,Charlotte Hornets,0.5759182759538316
Miami Heat,0.24585540549340923,Cleveland Cavaliers,0.7541445945065908
Sacramento Kings,0.43513564590688414,Denver Nuggets,0.5648643540931159
Chicago Bulls,0.36532097078028847,Detroit Pistons,0.6346790292197115
Boston Celtics,0.41091664175041975,Los Angeles Clippers,0.5890833582495802
Brooklyn Nets,0.16802311025851957,Memphis Grizzlies,0.8319768897414804
New York Knicks,0.2974012010522141,Orlando Magic,0.7025987989477859
Milwaukee Bucks,0.6781988550541018,Philadelphia 76ers,0.32180114494589823
Houston Rockets,0.1758235356033092,San Antonio Spurs,0.8241764643966908
New Orleans Pelicans,0.2139988511397961,Utah Jazz,0.7860011488602039
Los Angeles Lakers,0.09620317745994078,Dallas Mavericks,0.9037968225400592
Portland Trail Blazers,0.23435170774592606,Oklahoma City Thunder,0.7656482922540739
Washington Wizards,0.6669487360288193,Phoenix Suns,0.3330512639711807
Brooklyn Nets,0.09315627132278181,Atlanta Hawks,0.9068437286772182
Washington Wizards,0.5835198285931159,Denver Nuggets,0.4164801714068841
Boston Celtics,0.20281061782371612,Golden State Warriors,0.7971893821762839
Utah Jazz,0.42376119344123653,Houston Rockets,0.5762388065587635
Detroit Pistons,0.41042221344018315,Indiana Pacers,0.5895777865598169
Charlotte Hornets,0.44339044097483526,Miami Heat,0.5566095590251647
New York Knicks,0.3716753824271809,Milwaukee Bucks,0.6283246175728191
Los Angeles Clippers,0.7553535266377003,Minnesota Timberwolves,0.24464647336229978
Toronto Raptors,0.7961313860668462,New Orleans Pelicans,0.20386861393315384
Chicago Bulls,0.4487736526980789,Orlando Magic,0.5512263473019211
Sacramento Kings,0.09382714336802955,San Antonio Spurs,0.9061728566319704
Cleveland Cavaliers,0.7690749477591864,Detroit Pistons,0.23092505224081364
Los Angeles Clippers,0.692308027049475,Memphis Grizzlies,0.307691972950525
San Antonio Spurs,0.617850220453191,Oklahoma City Thunder,0.382149779546809
Los Angeles Lakers,0.24357098550193113,Phoenix Suns,0.7564290144980689
Philadelphia 76ers,0.023296838319255553,Portland Trail Blazers,0.9767031616807444
Toronto Raptors,0.582329919653525,Atlanta Hawks,0.417670080346475
Houston Rockets,0.42581623031177507,Chicago Bulls,0.5741837696882249
Orlando Magic,0.23605926707334945,Charlotte Hornets,0.7639407329266505
Brooklyn Nets,0.11592416026550179,Dallas Mavericks,0.8840758397344982
Boston Celtics,0.7080220029292824,Denver Nuggets,0.2919779970707176
Indiana Pacers,0.6752362103325991,Milwaukee Bucks,0.3247637896674009
Golden State Warriors,0.9228403452978035,Minnesota Timberwolves,0.07715965470219652
Washington Wizards,0.5404195137979586,Sacramento Kings,0.45958048620204134
New Orleans Pelicans,0.17323168532214483,Charlotte Hornets,0.8267683146778552
Phoenix Suns,0.1467389258750621,Dallas Mavericks,0.8532610741249379
New York Knicks,0.23033507664702568,Detroit Pistons,0.7696649233529743
Philadelphia 76ers,0.040177893301842627,Los Angeles Clippers,0.9598221066981574
Atlanta Hawks,0.6528092091011706,Memphis Grizzlies,0.3471907908988295
Toronto Raptors,0.542921464242667,Miami Heat,0.4570785357573331
Minnesota Timberwolves,0.43312175967096744,Milwaukee Bucks,0.5668782403290326
Utah Jazz,0.21395699371530663,Oklahoma City Thunder,0.7860430062846934
Cleveland Cavaliers,0.8248864921210203,Orlando Magic,0.17511350787897972
Washington Wizards,0.1867650645489608,Portland Trail Blazers,0.8132349354510392
Denver Nuggets,0.39420070567669785,Sacramento Kings,0.6057992943233022
Golden State Warriors,0.6168389955299725,San Antonio Spurs,0.3831610044700275
Chicago Bulls,0.27926306837685944,Boston Celtics,0.7207369316231406
New York Knicks,0.5258701091738176,Brooklyn Nets,0.47412989082618245
Cleveland Cavaliers,0.764125407553967,Houston Rockets,0.23587459244603304
Miami Heat,0.49105083700438934,Indiana Pacers,0.5089491629956107
Philadelphia 76ers,0.20554125381595656,Los Angeles Lakers,0.7944587461840434
Portland Trail Blazers,0.7016457742928446,Phoenix Suns,0.29835422570715536
Chicago Bulls,0.28721207634394474,Charlotte Hornets,0.7127879236560553
Los Angeles Lakers,0.18386508039227256,Denver Nuggets,0.8161349196077274
Milwaukee Bucks,0.3168211813969013,Memphis Grizzlies,0.6831788186030987
Washington Wizards,0.5831743739888705,Minnesota Timberwolves,0.4168256260111295
Orlando Magic,0.4175903157605718,Sacramento Kings,0.5824096842394282
Atlanta Hawks,0.2577728763928313,San Antonio Spurs,0.7422271236071687
Dallas Mavericks,0.23514998148996413,Toronto Raptors,0.7648500185100359
Los Angeles Clippers,0.5923667291635724,Utah Jazz,0.40763327083642764
Oklahoma City Thunder,0.9176657855492849,Brooklyn Nets,0.08233421445071512
Detroit Pistons,0.1904235651424726,Cleveland Cavaliers,0.8095764348575274
Philadelphia 76ers,0.015037250175894745,Golden State Warriors,0.9849627498241053
Portland Trail Blazers,0.6304303403125663,New Orleans Pelicans,0.3695696596874337
Indiana Pacers,0.6390202319858621,New York Knicks,0.3609797680141379
Minnesota Timberwolves,0.20647812882129835,Boston Celtics,0.7935218711787017
Memphis Grizzlies,0.29194064417359566,Chicago Bulls,0.7080593558264043
Utah Jazz,0.43053014009992485,Detroit Pistons,0.5694698599000751
Los Angeles Lakers,0.10171039353458544,Houston Rockets,0.8982896064654146
Charlotte Hornets,0.5169732429364982,Indiana Pacers,0.48302675706350184
Milwaukee Bucks,0.15491875423462542,Los Angeles Clippers,0.8450812457653746
New Orleans Pelicans,0.1544602665792385,Miami Heat,0.8455397334207615
Sacramento Kings,0.5240437841847101,Phoenix Suns,0.47595621581528996
Portland Trail Blazers,0.18110512744925855,San Antonio Spurs,0.8188948725507414
Dallas Mavericks,0.4072316468910455,Washington Wizards,0.5927683531089545
Memphis Grizzlies,0.2462077122630375,Atlanta Hawks,0.7537922877369625
Utah Jazz,0.1731936886045723,Cleveland Cavaliers,0.8268063113954277
Los Angeles Clippers,0.7556160821303881,Denver Nuggets,0.24438391786961186
Orlando Magic,0.08225603440499818,Golden State Warriors,0.9177439655950018
Brooklyn Nets,0.19440616045882775,New York Knicks,0.8055938395411723
Oklahoma City Thunder,0.5724493959988142,Toronto Raptors,0.4275506040011859
Boston Celtics,0.8228049113269916,Brooklyn Nets,0.17719508867300834
Toronto Raptors,0.6605784668513065,Detroit Pistons,0.3394215331486935
Milwaukee Bucks,0.53118068021673,Los Angeles Lakers,0.46881931978327
Minnesota Timberwolves,0.19088446383889435,Miami Heat,0.8091155361611057
Houston Rockets,0.6219980603713195,New Orleans Pelicans,0.3780019396286805
Dallas Mavericks,0.8154970222991469,Philadelphia 76ers,0.1845029777008531
Orlando Magic,0.5497626754069758,Phoenix Suns,0.4502373245930242
Chicago Bulls,0.3641237738227632,Washington Wizards,0.6358762261772368
Portland Trail Blazers,0.37850942936232224,Atlanta Hawks,0.6214905706376778
Utah Jazz,0.40606601504764284,Chicago Bulls,0.5939339849523572
Washington Wizards,0.336327727300027,Charlotte Hornets,0.663672272699973
Houston Rockets,0.6134753099050436,Denver Nuggets,0.3865246900949564
Milwaukee Bucks,0.06266872327589534,Golden State Warriors,0.9373312767241047
Cleveland Cavaliers,0.6496368137535989,Los Angeles Clippers,0.35036318624640106
San Antonio Spurs,0.8634732296824073,Memphis Grizzlies,0.13652677031759275
Sacramento Kings,0.1253408154444634,Oklahoma City Thunder,0.8746591845555366
Dallas Mavericks,0.7190468505732086,Brooklyn Nets,0.28095314942679134
Phoenix Suns,0.1582951847322237,Detroit Pistons,0.8417048152677763
Cleveland Cavaliers,0.9197429709757299,Los Angeles Lakers,0.08025702902427014
Portland Trail Blazers,0.3416127217131584,Miami Heat,0.6583872782868416
Minnesota Timberwolves,0.4368160020377043,New Orleans Pelicans,0.5631839979622957
Boston Celtics,0.8891276608884287,Philadelphia 76ers,0.11087233911157134
Sacramento Kings,0.09382714336802955,San Antonio Spurs,0.9061728566319704
Indiana Pacers,0.31894566188520646,Toronto Raptors,0.6810543381147935
Washington Wizards,0.32764421796056964,Boston Celtics,0.6723557820394304
Atlanta Hawks,0.4830888733142442,Charlotte Hornets,0.5169111266857558
Denver Nuggets,0.28040245803715513,Houston Rockets,0.7195975419628449
Utah Jazz,0.38269619533946786,Indiana Pacers,0.6173038046605321
New York Knicks,0.1428188533114676,Los Angeles Clippers,0.8571811466885324
Golden State Warriors,0.6902163391443913,Oklahoma City Thunder,0.3097836608556087
Philadelphia 76ers,0.09612316306282098,Orlando Magic,0.903876836937179
Detroit Pistons,0.7588169065551724,Brooklyn Nets,0.2411830934448276
Golden State Warriors,0.8498258856664548,Dallas Mavericks,0.1501741143335452
Los Angeles Clippers,0.8460871306967587,Los Angeles Lakers,0.1539128693032413
Phoenix Suns,0.10296262216811836,Miami Heat,0.8970373778318816
San Antonio Spurs,0.8966812962071993,Minnesota Timberwolves,0.10331870379280071
Memphis Grizzlies,0.47776513980338275,New Orleans Pelicans,0.5222348601966172
Milwaukee Bucks,0.09457887318713021,Portland Trail Blazers,0.9054211268128698
Chicago Bulls,0.20398934525794132,Toronto Raptors,0.7960106547420587
Indiana Pacers,0.41454773817305834,Boston Celtics,0.5854522618269417
Detroit Pistons,0.43429398741879666,Chicago Bulls,0.5657060125812033
Cleveland Cavaliers,0.8656947551792782,Denver Nuggets,0.13430524482072184
Philadelphia 76ers,0.02635658623017756,Oklahoma City Thunder,0.9736434137698224
Charlotte Hornets,0.6486400128081165,Orlando Magic,0.35135998719188355
Milwaukee Bucks,0.34847123423648674,Sacramento Kings,0.6515287657635133
New York Knicks,0.2139743700514002,Utah Jazz,0.7860256299485998
Atlanta Hawks,0.5704733452609151,Washington Wizards,0.4295266547390849
Phoenix Suns,0.41072362664104956,Brooklyn Nets,0.5892763733589504
Los Angeles Clippers,0.5936387088029208,Dallas Mavericks,0.4063612911970792
Toronto Raptors,0.542921464242667,Miami Heat,0.4570785357573331
New York Knicks,0.08670825443665431,Portland Trail Blazers,0.9132917455633457
Memphis Grizzlies,0.10603099999290311,San Antonio Spurs,0.8939690000070969
Phoenix Suns,0.11237132246918269,Boston Celtics,0.8876286775308173
Philadelphia 76ers,0.06366472966264747,Chicago Bulls,0.9363352703373525
Cleveland Cavaliers,0.6998272201409959,Charlotte Hornets,0.3001727798590041
Sacramento Kings,0.07477563448636293,Golden State Warriors,0.9252243655136371
New Orleans Pelicans,0.2254928967460721,Houston Rockets,0.7745071032539279
Denver Nuggets,0.24726847929421647,Indiana Pacers,0.7527315207057835
Minnesota Timberwolves,0.5708340789558513,Los Angeles Lakers,0.4291659210441488
Atlanta Hawks,0.7251860106784385,Milwaukee Bucks,0.27481398932156154
Detroit Pistons,0.5456047170614682,Orlando Magic,0.4543952829385318
Brooklyn Nets,0.12484468401835602,Washington Wizards,0.875155315981644
Washington Wizards,0.1670676233913101,Cleveland Cavaliers,0.8329323766086899
Toronto Raptors,0.640245623117416,Dallas Mavericks,0.35975437688258405
Utah Jazz,0.2962247555599493,Los Angeles Clippers,0.7037752444400507
Minnesota Timberwolves,0.10923337271347167,Portland Trail Blazers,0.8907666272865283
New York Knicks,0.0722288037615001,San Antonio Spurs,0.9277711962384999
Brooklyn Nets,0.09315627132278181,Atlanta Hawks,0.9068437286772182
Miami Heat,0.4419760811511241,Boston Celtics,0.5580239188488759
Phoenix Suns,0.11633667148241644,Charlotte Hornets,0.8836633285175836
New Orleans Pelicans,0.36680394442254227,Denver Nuggets,0.6331960555774577
Memphis Grizzlies,0.08473321785272414,Golden State Warriors,0.9152667821472759
Oklahoma City Thunder,0.7452410382134622,Houston Rockets,0.25475896178653773
Philadelphia 76ers,0.05807390991555206,Indiana Pacers,0.9419260900844479
Sacramento Kings,0.18139839192123652,Los Angeles Clippers,0.8186016080787635
Portland Trail Blazers,0.7452453814763824,Los Angeles Lakers,0.2547546185236175
Chicago Bulls,0.5322155569153761,Milwaukee Bucks,0.4677844430846239
Oklahoma City Thunder,0.733335244502261,Dallas Mavericks,0.266664755497739
Detroit Pistons,0.5882522331951949,New York Knicks,0.41174776680480507
Memphis Grizzlies,0.42548427786199927,Sacramento Kings,0.5745157221380007
Cleveland Cavaliers,0.46420363038965273,San Antonio Spurs,0.5357963696103473
Orlando Magic,0.164243246735715,Toronto Raptors,0.835756753264285
New Orleans Pelicans,0.2139988511397961,Utah Jazz,0.7860011488602039
Phoenix Suns,0.11873171718520847,Atlanta Hawks,0.8812682828147915
Philadelphia 76ers,0.21792734686336535,Brooklyn Nets,0.7820726531366347
Milwaukee Bucks,0.1873229156691858,Charlotte Hornets,0.8126770843308142
Miami Heat,0.5405683347023331,Detroit Pistons,0.4594316652976669
Golden State Warriors,0.8575410641333849,Houston Rockets,0.142458935866615
Minnesota Timberwolves,0.24068256260367893,Indiana Pacers,0.7593174373963211
Washington Wizards,0.7135487246151396,Los Angeles Lakers,0.28645127538486037
Denver Nuggets,0.1127565108185834,Portland Trail Blazers,0.8872434891814166
Milwaukee Bucks,0.18143478207661734,Boston Celtics,0.8185652179233827
Washington Wizards,0.2872588743909721,Los Angeles Clippers,0.7127411256090279
Indiana Pacers,0.5970145875302941,Memphis Grizzlies,0.4029854124697059
Dallas Mavericks,0.5808249685032902,New Orleans Pelicans,0.4191750314967098
Miami Heat,0.6644446479600953,New York Knicks,0.3355553520399047
Oklahoma City Thunder,0.8096549393874941,Orlando Magic,0.1903450606125059
Atlanta Hawks,0.8952321689071847,Philadelphia 76ers,0.10476783109281528
Utah Jazz,0.5511765371751025,Sacramento Kings,0.44882346282489755
Golden State Warriors,0.6168389955299725,San Antonio Spurs,0.3831610044700275
Charlotte Hornets,0.3675245340486233,Toronto Raptors,0.6324754659513767
Cleveland Cavaliers,0.7507340963422972,Chicago Bulls,0.24926590365770282
Brooklyn Nets,0.12541031973336525,Detroit Pistons,0.8745896802666348
Los Angeles Lakers,0.1836518959045128,Minnesota Timberwolves,0.8163481040954872
Los Angeles Clippers,0.8154726477138338,Phoenix Suns,0.18452735228616626
Houston Rockets,0.20644908829268538,Portland Trail Blazers,0.7935509117073146
Orlando Magic,0.22907100970944472,Boston Celtics,0.7709289902905553
Denver Nuggets,0.21901382774068412,Charlotte Hornets,0.7809861722593159
Philadelphia 76ers,0.02040717658952662,Cleveland Cavaliers,0.9795928234104734
Houston Rockets,0.14274542914948618,Golden State Warriors,0.8572545708505138
Dallas Mavericks,0.49305202187387076,Memphis Grizzlies,0.5069479781261292
New York Knicks,0.15444125828540523,Miami Heat,0.8455587417145948
Detroit Pistons,0.626585255322448,Milwaukee Bucks,0.373414744677552
Sacramento Kings,0.444026982125694,New Orleans Pelicans,0.555973017874306
San Antonio Spurs,0.617850220453191,Oklahoma City Thunder,0.382149779546809
Indiana Pacers,0.31894566188520646,Toronto Raptors,0.6810543381147935
Washington Wizards,0.3970444063650428,Utah Jazz,0.6029555936349572
Orlando Magic,0.6206259139298078,Brooklyn Nets,0.37937408607019213
Atlanta Hawks,0.5469576473104756,Chicago Bulls,0.4530423526895245
Los Angeles Lakers,0.060862110099814015,Los Angeles Clippers,0.939137889900186
Sacramento Kings,0.4347863300708896,Minnesota Timberwolves,0.5652136699291104
Phoenix Suns,0.056303178182573244,Portland Trail Blazers,0.9436968218174268
Atlanta Hawks,0.8318705669547695,Brooklyn Nets,0.16812943304523054
Indiana Pacers,0.22567583632303478,Cleveland Cavaliers,0.7743241636769652
Washington Wizards,0.12815437439078337,Golden State Warriors,0.8718456256092166
Memphis Grizzlies,0.6107227260441466,Los Angeles Lakers,0.38927727395585343
Denver Nuggets,0.19646029260772557,Miami Heat,0.8035397073922744
Dallas Mavericks,0.5771609519925411,Milwaukee Bucks,0.42283904800745886
Chicago Bulls,0.5359559038935958,New Orleans Pelicans,0.4640440961064042
Boston Celtics,0.6783083574797946,New York Knicks,0.32169164252020543
Charlotte Hornets,0.3196898338180151,Oklahoma City Thunder,0.6803101661819849
Houston Rockets,0.694049817021489,Phoenix Suns,0.3059501829785109
Utah Jazz,0.16434958198493443,San Antonio Spurs,0.8356504180150656
Philadelphia 76ers,0.03238995780412768,Toronto Raptors,0.9676100421958723
Orlando Magic,0.108974541943752,Cleveland Cavaliers,0.891025458056248
Minnesota Timberwolves,0.07277632859668359,Golden State Warriors,0.9272236714033164
Toronto Raptors,0.614778087010677,Indiana Pacers,0.38522191298932296
Denver Nuggets,0.44561915521775897,New Orleans Pelicans,0.554380844782241
Chicago Bulls,0.49204835567641114,New York Knicks,0.5079516443235889
Milwaukee Bucks,0.10598472709230877,Oklahoma City Thunder,0.8940152729076912
Brooklyn Nets,0.47856882303301485,Philadelphia 76ers,0.5214311769669852
Dallas Mavericks,0.5286833615085409,Sacramento Kings,0.4713166384914591
Memphis Grizzlies,0.10603099999290311,San Antonio Spurs,0.8939690000070969
Portland Trail Blazers,0.4360853425177853,Utah Jazz,0.5639146574822147
Charlotte Hornets,0.5649271678313162,Washington Wizards,0.43507283216868375
Cleveland Cavaliers,0.691537759017404,Boston Celtics,0.308462240982596
Miami Heat,0.4516542313343723,Charlotte Hornets,0.5483457686656277
Toronto Raptors,0.6605784668513065,Detroit Pistons,0.3394215331486935
Denver Nuggets,0.28040245803715513,Houston Rockets,0.7195975419628449
Dallas Mavericks,0.27769852200522827,Los Angeles Clippers,0.7223014779947717
Oklahoma City Thunder,0.8089982581120556,Memphis Grizzlies,0.1910017418879444
Golden State Warriors,0.9448087461650254,Phoenix Suns,0.05519125383497458
Los Angeles Lakers,0.029391275848513976,San Antonio Spurs,0.970608724151486
Boston Celtics,0.4730129837419278,Atlanta Hawks,0.5269870162580722
Milwaukee Bucks,0.21260212380960486,Indiana Pacers,0.7873978761903951
Washington Wizards,0.5492030945443047,New York Knicks,0.45079690545569523
Brooklyn Nets,0.16861881992010974,Orlando Magic,0.8313811800798903
Chicago Bulls,0.7865147262067524,Philadelphia 76ers,0.21348527379324758
Minnesota Timberwolves,0.10923337271347167,Portland Trail Blazers,0.8907666272865283
Atlanta Hawks,0.27001987965094965,Cleveland Cavaliers,0.7299801203490504
San Antonio Spurs,0.8041660464220297,Dallas Mavericks,0.19583395357797023
New Orleans Pelicans,0.36680394442254227,Denver Nuggets,0.6331960555774577
Detroit Pistons,0.4522825392707006,Houston Rockets,0.5477174607292994
Sacramento Kings,0.5779869082111544,Los Angeles Lakers,0.42201309178884566
New York Knicks,0.2965127852751749,Memphis Grizzlies,0.7034872147248251
Oklahoma City Thunder,0.8926933596461655,Phoenix Suns,0.10730664035383455
Miami Heat,0.3437626928606533,Toronto Raptors,0.6562373071393467
Minnesota Timberwolves,0.26014352588824907,Utah Jazz,0.7398564741117509
Chicago Bulls,0.6808433086324639,Brooklyn Nets,0.31915669136753605
Boston Celtics,0.46726059661592745,Charlotte Hornets,0.5327394033840726
New Orleans Pelicans,0.05729343749736471,Golden State Warriors,0.9427065625026353
Indiana Pacers,0.598037963972007,Orlando Magic,0.401962036027993
Milwaukee Bucks,0.6781988550541018,Philadelphia 76ers,0.32180114494589823
Utah Jazz,0.19344565449420592,Portland Trail Blazers,0.8065543455057941
Los Angeles Clippers,0.29358097531527827,San Antonio Spurs,0.7064190246847217
Miami Heat,0.5392848179561835,Washington Wizards,0.4607151820438164
Cleveland Cavaliers,0.704655678462623,Atlanta Hawks,0.29534432153737705
Oklahoma City Thunder,0.8533818388056016,Denver Nuggets,0.14661816119439844
Minnesota Timberwolves,0.5708340789558513,Los Angeles Lakers,0.4291659210441488
Detroit Pistons,0.5445495125897468,Memphis Grizzlies,0.4554504874102532
Toronto Raptors,0.7660978302787255,New York Knicks,0.2339021697212745
Dallas Mavericks,0.6563892911713587,Phoenix Suns,0.34361070882864136
Houston Rockets,0.5711969428209767,Sacramento Kings,0.4288030571790234
Brooklyn Nets,0.08802908524833619,Boston Celtics,0.9119709147516638
Orlando Magic,0.2852939614923,Chicago Bulls,0.7147060385077
Washington Wizards,0.41992472366562017,Detroit Pistons,0.5800752763343798
Utah Jazz,0.13308154071981948,Golden State Warriors,0.8669184592801805
Houston Rockets,0.3134520277767009,Los Angeles Clippers,0.6865479722232991
Cleveland Cavaliers,0.670253439187752,Miami Heat,0.32974656081224796
Charlotte Hornets,0.7206593282462848,Milwaukee Bucks,0.2793406717537153
Indiana Pacers,0.870678028511885,Philadelphia 76ers,0.12932197148811497
San Antonio Spurs,0.5875618483170616,Portland Trail Blazers,0.4124381516829384
Charlotte Hornets,0.48321195944056705,Atlanta Hawks,0.516788040559433
Denver Nuggets,0.26810755661450214,Dallas Mavericks,0.7318924433854979
New Orleans Pelicans,0.5073719871746307,Los Angeles Lakers,0.4926280128253692
Oklahoma City Thunder,0.8532039130449623,Minnesota Timberwolves,0.14679608695503768
Phoenix Suns,0.23400130304414057,Sacramento Kings,0.7659986969558594
Milwaukee Bucks,0.18143478207661734,Boston Celtics,0.8185652179233827
Brooklyn Nets,0.11478925877728607,Chicago Bulls,0.8852107412227139
Toronto Raptors,0.35032788639466994,Cleveland Cavaliers,0.6496721136053301
Los Angeles Lakers,0.023090024472326887,Golden State Warriors,0.9769099755276731
Minnesota Timberwolves,0.2732543956968678,Houston Rockets,0.7267456043031322
Atlanta Hawks,0.522614147972192,Indiana Pacers,0.477385852027808
Sacramento Kings,0.18139839192123652,Los Angeles Clippers,0.8186016080787635
Dallas Mavericks,0.49305202187387076,Memphis Grizzlies,0.5069479781261292
Washington Wizards,0.3064335579115005,Miami Heat,0.6935664420884995
Philadelphia 76ers,0.11232141573925902,New York Knicks,0.887678584260741
Denver Nuggets,0.12604933547911212,Oklahoma City Thunder,0.8739506645208879
Detroit Pistons,0.5456047170614682,Orlando Magic,0.4543952829385318
New Orleans Pelicans,0.08671978127703328,Portland Trail Blazers,0.9132802187229667
San Antonio Spurs,0.8033347389014293,Utah Jazz,0.19666526109857077
