V_Team,The winning probability,H_Team,The winning probability
New York Knicks,0.10703597351630623,Cleveland Cavaliers,0.8929640264836938
San Antonio Spurs,0.3184107377004395,Golden State Warriors,0.6815892622995605
Utah Jazz,0.3319216621459209,Portland Trail Blazers,0.6680783378540791
Brooklyn Nets,0.10707471903317922,Boston Celtics,0.8929252809668208
Dallas Mavericks,0.31932455749278166,Indiana Pacers,0.6806754425072183
Houston Rockets,0.7183749034640533,Los Angeles Lakers,0.2816250965359467
Minnesota Timberwolves,0.2937026738563462,Memphis Grizzlies,0.7062973261436538
Charlotte Hornets,0.6578167289477606,Milwaukee Bucks,0.34218327105223945
Denver Nuggets,0.4362151420300955,New Orleans Pelicans,0.5637848579699045
Miami Heat,0.5402444628353906,Orlando Magic,0.45975553716460943
Oklahoma City Thunder,0.9086683921865815,Philadelphia 76ers,0.09133160781341855
Sacramento Kings,0.5468982548834476,Phoenix Suns,0.4531017451165525
Detroit Pistons,0.22442527070875806,Toronto Raptors,0.7755747292912419
Washington Wizards,0.26805446093950414,Atlanta Hawks,0.7319455390604959
Boston Celtics,0.47362023239745665,Chicago Bulls,0.5263797676025433
Los Angeles Clippers,0.47453809495187027,Portland Trail Blazers,0.5254619050481297
San Antonio Spurs,0.8174882253309392,Sacramento Kings,0.1825117746690607
Indiana Pacers,0.7414083581555206,Brooklyn Nets,0.25859164184447936
Houston Rockets,0.36117499406286246,Dallas Mavericks,0.6388250059371375
Orlando Magic,0.2883379809356468,Detroit Pistons,0.7116620190643532
Charlotte Hornets,0.37174525107271095,Miami Heat,0.628254748927289
Golden State Warriors,0.8668768940264123,New Orleans Pelicans,0.13312310597358765
Phoenix Suns,0.07455945392356933,Oklahoma City Thunder,0.9254405460764307
Cleveland Cavaliers,0.38356883465436487,Toronto Raptors,0.6164311653456351
Los Angeles Lakers,0.10432598636204649,Utah Jazz,0.8956740136379535
Indiana Pacers,0.4197661226013403,Chicago Bulls,0.5802338773986597
Boston Celtics,0.38653289431777516,Charlotte Hornets,0.6134671056822248
Orlando Magic,0.13048575828152487,Cleveland Cavaliers,0.8695142417184751
Portland Trail Blazers,0.6119155118839098,Denver Nuggets,0.3880844881160902
Brooklyn Nets,0.2904367987651352,Milwaukee Bucks,0.7095632012348648
Memphis Grizzlies,0.4400119698575008,New York Knicks,0.5599880301424992
Atlanta Hawks,0.8565013105340926,Philadelphia 76ers,0.14349868946590744
Minnesota Timberwolves,0.3466845052750842,Sacramento Kings,0.6533154947249158
New Orleans Pelicans,0.062411202459924264,San Antonio Spurs,0.9375887975400757
Milwaukee Bucks,0.23912923049548473,Detroit Pistons,0.7608707695045153
Dallas Mavericks,0.3602156847097099,Houston Rockets,0.6397843152902901
Utah Jazz,0.23045324291211833,Los Angeles Clippers,0.7695467570878817
Washington Wizards,0.42557402201636274,Memphis Grizzlies,0.5744259779836373
San Antonio Spurs,0.6429473098513929,Miami Heat,0.3570526901486071
Los Angeles Lakers,0.049538214472368725,Oklahoma City Thunder,0.9504617855276313
Golden State Warriors,0.9077685470312706,Phoenix Suns,0.09223145296872938
Sacramento Kings,0.20100940946358525,Atlanta Hawks,0.7989905905364147
Chicago Bulls,0.6604873340543073,Brooklyn Nets,0.33951266594569274
Phoenix Suns,0.09080172272300446,Los Angeles Clippers,0.9091982772769955
Denver Nuggets,0.13933215321983705,Toronto Raptors,0.860667846780163
Houston Rockets,0.17531951805939683,Cleveland Cavaliers,0.8246804819406032
New York Knicks,0.2444970463936269,Detroit Pistons,0.7555029536063731
Los Angeles Lakers,0.10172944940031348,Indiana Pacers,0.8982705505996865
Sacramento Kings,0.20704457486017858,Miami Heat,0.7929554251398214
Memphis Grizzlies,0.5400569161110256,Minnesota Timberwolves,0.4599430838889745
Milwaukee Bucks,0.4040340633574946,New Orleans Pelicans,0.5959659366425054
Orlando Magic,0.7288906583689214,Philadelphia 76ers,0.2711093416310786
Golden State Warriors,0.7154542726237416,Portland Trail Blazers,0.28454572737625833
Utah Jazz,0.11630549650447408,San Antonio Spurs,0.8836945034955259
Los Angeles Lakers,0.0804205123662487,Atlanta Hawks,0.9195794876337513
Chicago Bulls,0.24629390857331013,Boston Celtics,0.7537060914266899
Detroit Pistons,0.7192781572596822,Brooklyn Nets,0.28072184274031775
Philadelphia 76ers,0.06905966819784226,Charlotte Hornets,0.9309403318021577
Oklahoma City Thunder,0.4294589103982934,Los Angeles Clippers,0.5705410896017066
New Orleans Pelicans,0.2931617275957853,Memphis Grizzlies,0.7068382724042147
Houston Rockets,0.4879509574900963,New York Knicks,0.5120490425099037
Portland Trail Blazers,0.710033457500205,Phoenix Suns,0.289966542499795
Dallas Mavericks,0.32546268827635927,Utah Jazz,0.6745373117236407
Toronto Raptors,0.5735734625394884,Washington Wizards,0.4264265374605116
Boston Celtics,0.24839462731521356,Cleveland Cavaliers,0.7516053726847864
Oklahoma City Thunder,0.21527943948608697,Golden State Warriors,0.784720560513913
Indiana Pacers,0.6217705784693743,Milwaukee Bucks,0.3782294215306257
Denver Nuggets,0.4708711598148241,Minnesota Timberwolves,0.5291288401851759
Sacramento Kings,0.3646130891140904,Orlando Magic,0.6353869108859096
Charlotte Hornets,0.7702655196580779,Brooklyn Nets,0.22973448034192212
New York Knicks,0.24604731434985105,Chicago Bulls,0.753952685650149
Portland Trail Blazers,0.4252208891370097,Dallas Mavericks,0.5747791108629903
Golden State Warriors,0.9306325938589989,Los Angeles Lakers,0.06936740614100116
Los Angeles Clippers,0.5984879356075696,Memphis Grizzlies,0.40151206439243037
Phoenix Suns,0.3002644856869041,New Orleans Pelicans,0.6997355143130959
Miami Heat,0.2549267828127523,Toronto Raptors,0.7450732171872477
San Antonio Spurs,0.6979607809676975,Utah Jazz,0.3020392190323024
Atlanta Hawks,0.5066325632013664,Washington Wizards,0.49336743679863365
Houston Rockets,0.2805998893957198,Atlanta Hawks,0.7194001106042802
Denver Nuggets,0.26399393308421437,Detroit Pistons,0.7360060669157856
Chicago Bulls,0.2999044056948369,Indiana Pacers,0.7000955943051631
Sacramento Kings,0.45896349301786776,Milwaukee Bucks,0.5410365069821322
Minnesota Timberwolves,0.1091348979232033,Oklahoma City Thunder,0.8908651020767967
Washington Wizards,0.4551419757083599,Orlando Magic,0.5448580242916401
Cleveland Cavaliers,0.9014623403287814,Philadelphia 76ers,0.09853765967121861
Los Angeles Clippers,0.1930487609958449,San Antonio Spurs,0.8069512390041551
Denver Nuggets,0.19405933191120628,Boston Celtics,0.8059406680887937
Milwaukee Bucks,0.23639575114088374,Dallas Mavericks,0.7636042488591163
Phoenix Suns,0.46923542901558,Los Angeles Lakers,0.53076457098442
Portland Trail Blazers,0.507995971930512,Memphis Grizzlies,0.4920040280694879
Utah Jazz,0.49757425446489745,New York Knicks,0.5024257455351026
Sacramento Kings,0.14316711527512815,Toronto Raptors,0.8568328847248718
Orlando Magic,0.2900595040703041,Chicago Bulls,0.7099404959296959
Indiana Pacers,0.33625548054175747,Charlotte Hornets,0.6637445194582425
New Orleans Pelicans,0.052313912603237034,Golden State Warriors,0.947686087396763
Detroit Pistons,0.24349790736817267,Los Angeles Clippers,0.7565020926318273
Miami Heat,0.2349030627995271,Oklahoma City Thunder,0.7650969372004729
Utah Jazz,0.7983137947555636,Philadelphia 76ers,0.20168620524443637
Houston Rockets,0.39586800251042953,Washington Wizards,0.6041319974895705
Minnesota Timberwolves,0.5472735297269928,Brooklyn Nets,0.4527264702730072
Atlanta Hawks,0.249900655401759,Cleveland Cavaliers,0.750099344598241
Dallas Mavericks,0.7031894765392179,Los Angeles Lakers,0.2968105234607821
Denver Nuggets,0.3302550967130562,Memphis Grizzlies,0.6697449032869438
Phoenix Suns,0.1421388730159252,Portland Trail Blazers,0.8578611269840748
New Orleans Pelicans,0.34609379291595244,Sacramento Kings,0.6539062070840476
Chicago Bulls,0.2485714394385291,Atlanta Hawks,0.7514285605614709
Utah Jazz,0.2963790824066591,Charlotte Hornets,0.7036209175933409
Dallas Mavericks,0.08887329639033559,Golden State Warriors,0.9111267036096644
Philadelphia 76ers,0.0846240307268582,Indiana Pacers,0.9153759692731418
Portland Trail Blazers,0.27381238974683986,Los Angeles Clippers,0.7261876102531601
Brooklyn Nets,0.22873594610892545,New York Knicks,0.7712640538910746
Toronto Raptors,0.3230289697713137,Oklahoma City Thunder,0.6769710302286863
Minnesota Timberwolves,0.31919975193951244,Orlando Magic,0.6808002480604876
Detroit Pistons,0.6764084047523451,Phoenix Suns,0.32359159524765485
Houston Rockets,0.11240635629696305,San Antonio Spurs,0.887593643703037
Boston Celtics,0.5046201961535642,Washington Wizards,0.49537980384643576
Golden State Warriors,0.8637171498986501,Denver Nuggets,0.13628285010134986
Chicago Bulls,0.2555778331525357,Miami Heat,0.7444221668474643
New Orleans Pelicans,0.4087392521674895,Milwaukee Bucks,0.5912607478325105
Los Angeles Lakers,0.18418599987976747,Sacramento Kings,0.8158140001202325
New York Knicks,0.1784749165398083,Boston Celtics,0.8215250834601917
Toronto Raptors,0.4541429611951864,Charlotte Hornets,0.5458570388048136
Los Angeles Clippers,0.3051333275355592,Oklahoma City Thunder,0.6948666724644408
Utah Jazz,0.4804136830068244,Orlando Magic,0.5195863169931756
Indiana Pacers,0.826405439787907,Philadelphia 76ers,0.173594560212093
Sacramento Kings,0.2356787678449046,Portland Trail Blazers,0.7643212321550954
Detroit Pistons,0.12392943324444106,San Antonio Spurs,0.8760705667555589
Cleveland Cavaliers,0.6114903877134592,Washington Wizards,0.3885096122865408
Philadelphia 76ers,0.06663232748399284,Atlanta Hawks,0.9333676725160072
Washington Wizards,0.3520960704244449,Chicago Bulls,0.6479039295755551
Detroit Pistons,0.5737430796139964,Denver Nuggets,0.4262569203860036
San Antonio Spurs,0.729474306925205,Houston Rockets,0.27052569307479496
Boston Celtics,0.4398423304412552,Indiana Pacers,0.5601576695587448
Utah Jazz,0.29612462501153625,Miami Heat,0.7038753749884638
Memphis Grizzlies,0.5202602695325955,Milwaukee Bucks,0.4797397304674045
Los Angeles Clippers,0.7289995952383085,Minnesota Timberwolves,0.2710004047616915
Los Angeles Lakers,0.21728322036692815,New Orleans Pelicans,0.7827167796330718
Brooklyn Nets,0.3680476885843601,Phoenix Suns,0.6319523114156399
New York Knicks,0.12744773424385847,Toronto Raptors,0.8725522657561415
Charlotte Hornets,0.2370720578696468,Cleveland Cavaliers,0.7629279421303532
Phoenix Suns,0.03512055499291933,Golden State Warriors,0.9648794450070807
Los Angeles Lakers,0.24201212807484584,Minnesota Timberwolves,0.7579878719251542
Orlando Magic,0.1409612494279524,Oklahoma City Thunder,0.8590387505720476
Denver Nuggets,0.23003101203984966,Portland Trail Blazers,0.7699689879601503
Oklahoma City Thunder,0.5998912515472706,Detroit Pistons,0.40010874845272937
Philadelphia 76ers,0.09987024434653702,Houston Rockets,0.900129755653463
Orlando Magic,0.26283604354344936,Indiana Pacers,0.7371639564565506
Brooklyn Nets,0.0822989603352744,Los Angeles Clippers,0.9177010396647256
Boston Celtics,0.6580875449283042,New Orleans Pelicans,0.34191245507169576
Dallas Mavericks,0.4695158732040783,New York Knicks,0.5304841267959217
Miami Heat,0.14329614307467986,San Antonio Spurs,0.8567038569253201
Memphis Grizzlies,0.2998935715298514,Utah Jazz,0.7001064284701486
Toronto Raptors,0.30380831136054853,Cleveland Cavaliers,0.6961916886394515
Brooklyn Nets,0.44254436827078336,Los Angeles Lakers,0.5574556317292166
Atlanta Hawks,0.38815370966005247,Miami Heat,0.6118462903399475
Charlotte Hornets,0.6754777677204851,Minnesota Timberwolves,0.32452223227951493
Chicago Bulls,0.28848224221210106,Portland Trail Blazers,0.7115177577878989
Milwaukee Bucks,0.1759890148819857,Atlanta Hawks,0.8240109851180143
Dallas Mavericks,0.26354938645402115,Boston Celtics,0.7364506135459788
Phoenix Suns,0.2945995763310677,Denver Nuggets,0.7054004236689323
Cleveland Cavaliers,0.5481746030233905,Indiana Pacers,0.45182539697660956
Memphis Grizzlies,0.19198488144884784,Los Angeles Clippers,0.8080151185511522
Detroit Pistons,0.5156083555195672,New York Knicks,0.48439164448043276
Houston Rockets,0.18861354477574088,Oklahoma City Thunder,0.8113864552242591
New Orleans Pelicans,0.3186330303107169,Orlando Magic,0.6813669696892831
Washington Wizards,0.7814708143060145,Philadelphia 76ers,0.21852918569398552
San Antonio Spurs,0.8174882253309392,Sacramento Kings,0.1825117746690607
Golden State Warriors,0.5767172806369287,Toronto Raptors,0.42328271936307127
Portland Trail Blazers,0.44234391332505596,Houston Rockets,0.557656086674944
Milwaukee Bucks,0.1814435558294849,Miami Heat,0.8185564441705151
Philadelphia 76ers,0.2067477736497093,Minnesota Timberwolves,0.7932522263502907
Chicago Bulls,0.3058369661070618,Utah Jazz,0.6941630338929382
New York Knicks,0.2697862518509334,Washington Wizards,0.7302137481490666
Golden State Warriors,0.6695860982645876,Boston Celtics,0.33041390173541235
Atlanta Hawks,0.3884436055539342,Charlotte Hornets,0.6115563944460658
Detroit Pistons,0.19189763310288177,Cleveland Cavaliers,0.8081023668971182
Memphis Grizzlies,0.31795713124020286,Dallas Mavericks,0.6820428687597971
Toronto Raptors,0.7121067379745953,Denver Nuggets,0.2878932620254046
Phoenix Suns,0.14897995194505376,Indiana Pacers,0.8510200480549462
San Antonio Spurs,0.9190060034638293,Los Angeles Lakers,0.08099399653617069
Portland Trail Blazers,0.6183335512578945,New Orleans Pelicans,0.38166644874210554
Brooklyn Nets,0.06746477583717247,Oklahoma City Thunder,0.9325352241628275
Los Angeles Clippers,0.6554295232164851,Sacramento Kings,0.344570476783515
Boston Celtics,0.47153285868143124,Detroit Pistons,0.5284671413185688
Utah Jazz,0.3865012167645959,Houston Rockets,0.6134987832354041
Chicago Bulls,0.1963896034272804,Los Angeles Clippers,0.8036103965727196
Minnesota Timberwolves,0.2937026738563462,Memphis Grizzlies,0.7062973261436538
Golden State Warriors,0.8736943755210586,Milwaukee Bucks,0.12630562447894145
Charlotte Hornets,0.6440936475451735,New Orleans Pelicans,0.3559063524548265
Dallas Mavericks,0.45245155387616953,Orlando Magic,0.5475484461238305
Phoenix Suns,0.5689718307991326,Philadelphia 76ers,0.4310281692008674
Miami Heat,0.46393841802152025,Washington Wizards,0.5360615819784798
Portland Trail Blazers,0.7500943534172279,Brooklyn Nets,0.24990564658277215
Utah Jazz,0.556009610769165,Denver Nuggets,0.44399038923083506
Chicago Bulls,0.683879204812018,Los Angeles Lakers,0.316120795187982
Atlanta Hawks,0.5989370709828489,New York Knicks,0.4010629290171511
Indiana Pacers,0.22513868223417788,Oklahoma City Thunder,0.7748613177658221
Toronto Raptors,0.6739437705593182,Sacramento Kings,0.3260562294406818
Memphis Grizzlies,0.2504880882638735,Charlotte Hornets,0.7495119117361265
Houston Rockets,0.36466227990087186,Detroit Pistons,0.6353377200991281
Golden State Warriors,0.7265199860088782,Indiana Pacers,0.2734800139911218
Toronto Raptors,0.37166083986771625,Los Angeles Clippers,0.6283391601322837
Orlando Magic,0.4814357168779322,Milwaukee Bucks,0.5185642831220678
Boston Celtics,0.6888338225085289,Minnesota Timberwolves,0.3111661774914711
Miami Heat,0.8341737158514331,Philadelphia 76ers,0.16582628414856693
Dallas Mavericks,0.10524339935284399,San Antonio Spurs,0.894756600647156
Phoenix Suns,0.18507413737820755,Washington Wizards,0.8149258626217925
New Orleans Pelicans,0.17013637579255636,Atlanta Hawks,0.8298636242074436
Chicago Bulls,0.5054303552276964,Denver Nuggets,0.49456964477230364
Oklahoma City Thunder,0.8695075772582885,Los Angeles Lakers,0.13049242274171144
Portland Trail Blazers,0.5549485294562191,New York Knicks,0.44505147054378097
Boston Celtics,0.7809853608012762,Brooklyn Nets,0.21901463919872372
San Antonio Spurs,0.6432274456639712,Charlotte Hornets,0.35677255433602884
Portland Trail Blazers,0.2176362052952714,Cleveland Cavaliers,0.7823637947047286
Los Angeles Clippers,0.5164453490265508,Dallas Mavericks,0.4835546509734492
Miami Heat,0.431196685248049,Detroit Pistons,0.568803314751951
Los Angeles Lakers,0.023005513005708966,Golden State Warriors,0.976994486994291
Toronto Raptors,0.5544363967843988,Houston Rockets,0.44556360321560123
Atlanta Hawks,0.4418267710875631,Indiana Pacers,0.5581732289124369
Minnesota Timberwolves,0.3948491480587841,New Orleans Pelicans,0.6051508519412159
Phoenix Suns,0.23567909981358537,Orlando Magic,0.7643209001864146
Memphis Grizzlies,0.7584825887227955,Philadelphia 76ers,0.24151741127720455
Oklahoma City Thunder,0.7245442975938992,Sacramento Kings,0.27545570240610084
Denver Nuggets,0.24508058327549198,Utah Jazz,0.754919416724508
San Antonio Spurs,0.6315294539923001,Boston Celtics,0.3684705460076999
Dallas Mavericks,0.16489227909153048,Cleveland Cavaliers,0.8351077209084695
Oklahoma City Thunder,0.758903482499185,Denver Nuggets,0.24109651750081496
Los Angeles Clippers,0.520210998493113,Detroit Pistons,0.47978900150688697
Brooklyn Nets,0.13584328867458184,Indiana Pacers,0.8641567113254182
Golden State Warriors,0.9306325938589989,Los Angeles Lakers,0.06936740614100116
Miami Heat,0.5103261174182654,Memphis Grizzlies,0.48967388258173467
Toronto Raptors,0.729709904094196,Milwaukee Bucks,0.270290095905804
Charlotte Hornets,0.5820953421650117,New York Knicks,0.41790465783498826
Washington Wizards,0.4551419757083599,Orlando Magic,0.5448580242916401
Chicago Bulls,0.7636017152232792,Philadelphia 76ers,0.23639828477672076
Minnesota Timberwolves,0.49652295189197904,Phoenix Suns,0.503477048108021
New Orleans Pelicans,0.2008192258306971,Portland Trail Blazers,0.7991807741693029
Houston Rockets,0.501729750796473,Sacramento Kings,0.498270249203527
Atlanta Hawks,0.44876717805189925,Utah Jazz,0.5512328219481007
New York Knicks,0.1860174723073037,Charlotte Hornets,0.8139825276926963
Minnesota Timberwolves,0.05244341614457193,Golden State Warriors,0.9475565838554281
Memphis Grizzlies,0.25025901727771005,Miami Heat,0.74974098272229
Detroit Pistons,0.20613452085258677,Oklahoma City Thunder,0.7938654791474132
San Antonio Spurs,0.744557147744611,Washington Wizards,0.255442852255389
Sacramento Kings,0.5966955064216461,Brooklyn Nets,0.4033044935783538
New Orleans Pelicans,0.22909275198692114,Dallas Mavericks,0.7709072480130789
Los Angeles Clippers,0.48827163552063024,Indiana Pacers,0.5117283644793698
Atlanta Hawks,0.7998982482962209,Los Angeles Lakers,0.20010175170377914
Milwaukee Bucks,0.32757749998013397,Orlando Magic,0.672422500019866
Cleveland Cavaliers,0.9014623403287814,Philadelphia 76ers,0.09853765967121861
Denver Nuggets,0.5390523992150738,Phoenix Suns,0.4609476007849262
Houston Rockets,0.3234396959287683,Portland Trail Blazers,0.6765603040712317
Atlanta Hawks,0.1413230791182244,Golden State Warriors,0.8586769208817756
Charlotte Hornets,0.5356101377925265,Memphis Grizzlies,0.46438986220747347
Boston Celtics,0.38624352378586635,Miami Heat,0.6137564762141337
Utah Jazz,0.5967597830538864,Minnesota Timberwolves,0.40324021694611356
Oklahoma City Thunder,0.7134075210735489,New York Knicks,0.2865924789264512
Philadelphia 76ers,0.04526748510468759,Toronto Raptors,0.9547325148953124
Sacramento Kings,0.2970842188464009,Washington Wizards,0.7029157811535991
Los Angeles Clippers,0.8124940086405894,Brooklyn Nets,0.18750599135941057
Detroit Pistons,0.3116442112034219,Charlotte Hornets,0.6883557887965781
Cleveland Cavaliers,0.7595632726363304,Milwaukee Bucks,0.24043672736366967
Los Angeles Lakers,0.21728322036692815,New Orleans Pelicans,0.7827167796330718
Orlando Magic,0.08206023085960734,San Antonio Spurs,0.9179397691403927
Houston Rockets,0.3418869183759041,Utah Jazz,0.6581130816240959
Detroit Pistons,0.30089075495192763,Boston Celtics,0.6991092450480724
Los Angeles Lakers,0.1148663229028275,Chicago Bulls,0.8851336770971725
San Antonio Spurs,0.7154972441464241,Dallas Mavericks,0.2845027558535759
Miami Heat,0.6141273396226131,Denver Nuggets,0.3858726603773869
New York Knicks,0.4453403975122012,Minnesota Timberwolves,0.5546596024877988
Washington Wizards,0.17915656543249592,Oklahoma City Thunder,0.8208434345675041
Atlanta Hawks,0.745717181161019,Phoenix Suns,0.254282818838981
Indiana Pacers,0.3740380355630448,Portland Trail Blazers,0.6259619644369552
Memphis Grizzlies,0.17600838022519993,Toronto Raptors,0.8239916197748001
Milwaukee Bucks,0.5567420793683115,Brooklyn Nets,0.4432579206316885
Dallas Mavericks,0.27349037653622654,Charlotte Hornets,0.7265096234637735
Los Angeles Clippers,0.2865268029230945,Cleveland Cavaliers,0.7134731970769055
Houston Rockets,0.09504043561874387,Golden State Warriors,0.9049595643812561
Orlando Magic,0.3577394688975233,Memphis Grizzlies,0.6422605311024767
Miami Heat,0.40692738831489894,Utah Jazz,0.5930726116851011
Detroit Pistons,0.30346987555413363,Atlanta Hawks,0.6965301244458664
Sacramento Kings,0.19905222569519543,Boston Celtics,0.8009477743048046
Cleveland Cavaliers,0.5816335465226403,Chicago Bulls,0.41836645347735973
Houston Rockets,0.5464854223404929,Denver Nuggets,0.45351457765950703
Los Angeles Clippers,0.7004964764877278,New Orleans Pelicans,0.29950352351227216
Minnesota Timberwolves,0.3343068526215264,New York Knicks,0.6656931473784736
Orlando Magic,0.7288906583689214,Philadelphia 76ers,0.2711093416310786
Washington Wizards,0.10626991645039252,San Antonio Spurs,0.8937300835496075
Los Angeles Lakers,0.05489467233392065,Toronto Raptors,0.9451053276660794
Minnesota Timberwolves,0.17600284785868514,Charlotte Hornets,0.8239971521413149
Chicago Bulls,0.3240927952622886,Dallas Mavericks,0.6759072047377114
Phoenix Suns,0.03512055499291933,Golden State Warriors,0.9648794450070807
Los Angeles Lakers,0.15032381029062702,Memphis Grizzlies,0.849676189709373
Brooklyn Nets,0.2904367987651352,Milwaukee Bucks,0.7095632012348648
Boston Celtics,0.8555090068396538,Philadelphia 76ers,0.14449099316034614
Miami Heat,0.3870346374550476,Portland Trail Blazers,0.6129653625449524
Atlanta Hawks,0.2887470511195077,Toronto Raptors,0.7112529488804923
Denver Nuggets,0.24508058327549198,Utah Jazz,0.754919416724508
Orlando Magic,0.2883379809356468,Detroit Pistons,0.7116620190643532
Indiana Pacers,0.2647977341160227,Los Angeles Clippers,0.7352022658839773
Sacramento Kings,0.3806677249888487,New York Knicks,0.6193322750111513
New Orleans Pelicans,0.10888148703058331,Oklahoma City Thunder,0.8911185129694167
Oklahoma City Thunder,0.5046771470816933,Atlanta Hawks,0.4953228529183067
Washington Wizards,0.6829141524663844,Brooklyn Nets,0.3170858475336155
Portland Trail Blazers,0.4309639358161481,Chicago Bulls,0.5690360641838519
Charlotte Hornets,0.4524735328744046,Dallas Mavericks,0.5475264671255954
Indiana Pacers,0.11603649321158538,Golden State Warriors,0.8839635067884146
Boston Celtics,0.4851662257881989,Houston Rockets,0.5148337742118011
Utah Jazz,0.7260985313325272,Los Angeles Lakers,0.27390146866747284
San Antonio Spurs,0.8540214017230898,Milwaukee Bucks,0.14597859827691012
Memphis Grizzlies,0.5051703342951273,New Orleans Pelicans,0.4948296657048728
Denver Nuggets,0.7041542112923906,Philadelphia 76ers,0.29584578870760936
Cleveland Cavaliers,0.38356883465436487,Toronto Raptors,0.6164311653456351
Chicago Bulls,0.32740553940157924,Detroit Pistons,0.6725944605984208
Philadelphia 76ers,0.12619534855661985,Memphis Grizzlies,0.8738046514433802
New York Knicks,0.1858327415850759,Miami Heat,0.8141672584149241
San Antonio Spurs,0.8636547164480025,Minnesota Timberwolves,0.13634528355199751
Phoenix Suns,0.15257765720562722,Utah Jazz,0.8474223427943728
Orlando Magic,0.31626355717920374,Washington Wizards,0.6837364428207963
Miami Heat,0.34000470513847914,Atlanta Hawks,0.6599952948615209
Denver Nuggets,0.5890640196816974,Brooklyn Nets,0.41093598031830253
Detroit Pistons,0.3116442112034219,Charlotte Hornets,0.6883557887965781
Sacramento Kings,0.2672191623217657,Dallas Mavericks,0.7327808376782343
Los Angeles Lakers,0.11965460626233637,Houston Rockets,0.8803453937376636
Golden State Warriors,0.6024721509578399,Los Angeles Clippers,0.39752784904216015
Portland Trail Blazers,0.6324831435260156,Milwaukee Bucks,0.3675168564739844
Cleveland Cavaliers,0.6959504335030804,New York Knicks,0.30404956649691955
Boston Celtics,0.5803731444634607,Orlando Magic,0.41962685553653933
Indiana Pacers,0.700511003291847,Phoenix Suns,0.299488996708153
San Antonio Spurs,0.7202480690174593,Chicago Bulls,0.27975193098254064
Portland Trail Blazers,0.507995971930512,Memphis Grizzlies,0.4920040280694879
Philadelphia 76ers,0.18474395649240993,New Orleans Pelicans,0.8152560435075901
Minnesota Timberwolves,0.12012100253656444,Toronto Raptors,0.8798789974634356
Golden State Warriors,0.7320671545746045,Utah Jazz,0.26793284542539547
Denver Nuggets,0.29052428689864185,Washington Wizards,0.7094757131013582
Toronto Raptors,0.44162709573944825,Boston Celtics,0.5583729042605518
Orlando Magic,0.22246003079831556,Charlotte Hornets,0.7775399692016844
Miami Heat,0.21922794201788187,Cleveland Cavaliers,0.7807720579821181
Indiana Pacers,0.41406371548803933,Dallas Mavericks,0.5859362845119607
Phoenix Suns,0.46923542901558,Los Angeles Lakers,0.53076457098442
Atlanta Hawks,0.6733194596819562,Milwaukee Bucks,0.32668054031804383
Detroit Pistons,0.6139955956066738,Minnesota Timberwolves,0.38600440439332623
Houston Rockets,0.18861354477574088,Oklahoma City Thunder,0.8113864552242591
New York Knicks,0.36214266796222716,Sacramento Kings,0.6378573320377728
Miami Heat,0.4332518874511506,Chicago Bulls,0.5667481125488494
Charlotte Hornets,0.2370720578696468,Cleveland Cavaliers,0.7629279421303532
Dallas Mavericks,0.3602156847097099,Houston Rockets,0.6397843152902901
Portland Trail Blazers,0.3979284118304057,Indiana Pacers,0.6020715881695943
New Orleans Pelicans,0.1315378558984529,Los Angeles Clippers,0.8684621441015471
Golden State Warriors,0.8058283666399204,Memphis Grizzlies,0.19417163336007956
Denver Nuggets,0.35732003841840987,Orlando Magic,0.6426799615815901
Brooklyn Nets,0.037918845599933415,San Antonio Spurs,0.9620811544000666
Sacramento Kings,0.25097739721746937,Utah Jazz,0.7490226027825306
Milwaukee Bucks,0.2640572768775238,Washington Wizards,0.7359427231224762
Philadelphia 76ers,0.09506463734498838,Detroit Pistons,0.9049353626550116
New York Knicks,0.5898679249809168,Los Angeles Lakers,0.4101320750190832
Golden State Warriors,0.8822085068059413,Minnesota Timberwolves,0.11779149319405871
Boston Celtics,0.26544619587964646,Oklahoma City Thunder,0.7345538041203535
New Orleans Pelicans,0.49587071190047427,Phoenix Suns,0.5041292880995257
Denver Nuggets,0.2610737516475492,Dallas Mavericks,0.7389262483524508
Brooklyn Nets,0.1587173506681525,Houston Rockets,0.8412826493318475
Charlotte Hornets,0.42472440326274763,Indiana Pacers,0.5752755967372524
Portland Trail Blazers,0.27381238974683986,Los Angeles Clippers,0.7261876102531601
Washington Wizards,0.27540874065898535,Miami Heat,0.7245912593410146
Los Angeles Lakers,0.18418599987976747,Sacramento Kings,0.8158140001202325
Milwaukee Bucks,0.12422713490780779,Toronto Raptors,0.8757728650921922
Orlando Magic,0.215891295427159,Atlanta Hawks,0.784108704572841
Minnesota Timberwolves,0.2337288571746109,Chicago Bulls,0.7662711428253891
Memphis Grizzlies,0.14914866415228034,Cleveland Cavaliers,0.8508513358477197
Golden State Warriors,0.8668768940264123,New Orleans Pelicans,0.13312310597358765
New York Knicks,0.5134118286241718,Phoenix Suns,0.4865881713758282
Oklahoma City Thunder,0.5553196404687799,Portland Trail Blazers,0.44468035953122004
Los Angeles Lakers,0.33963198013955276,Brooklyn Nets,0.6603680198604472
Detroit Pistons,0.3870786421583582,Dallas Mavericks,0.6129213578416418
Sacramento Kings,0.2810912178739218,Houston Rockets,0.7189087821260782
Cleveland Cavaliers,0.6546153053720363,Memphis Grizzlies,0.34538469462796373
Indiana Pacers,0.335983135020548,Miami Heat,0.664016864979452
Los Angeles Clippers,0.6269572380699203,Orlando Magic,0.3730427619300797
Toronto Raptors,0.8865971367500745,Philadelphia 76ers,0.11340286324992557
Boston Celtics,0.16448892670288207,San Antonio Spurs,0.8355110732971179
Oklahoma City Thunder,0.5757377067858132,Utah Jazz,0.42426229321418685
Charlotte Hornets,0.4892203095635287,Washington Wizards,0.5107796904364713
Portland Trail Blazers,0.6119155118839098,Denver Nuggets,0.3880844881160902
New York Knicks,0.055904457675733044,Golden State Warriors,0.944095542324267
Chicago Bulls,0.5272817541976891,Milwaukee Bucks,0.4727182458023109
Indiana Pacers,0.6074645174199691,New Orleans Pelicans,0.39253548258003096
San Antonio Spurs,0.8927513753034414,Phoenix Suns,0.10724862469655864
Charlotte Hornets,0.36028381161070155,Boston Celtics,0.6397161883892984
Milwaukee Bucks,0.2406563046206569,Chicago Bulls,0.7593436953793431
New Orleans Pelicans,0.24163822997931816,Houston Rockets,0.7583617700206818
Sacramento Kings,0.3372856499272665,Memphis Grizzlies,0.6627143500727335
Los Angeles Clippers,0.43333670382349254,Miami Heat,0.5666632961765075
Brooklyn Nets,0.21684550394538504,Orlando Magic,0.783154496054615
Los Angeles Lakers,0.46061350875383966,Philadelphia 76ers,0.5393864912461603
Atlanta Hawks,0.2887470511195077,Toronto Raptors,0.7112529488804923
Dallas Mavericks,0.32546268827635927,Utah Jazz,0.6745373117236407
Detroit Pistons,0.42261378526198345,Washington Wizards,0.5773862147380165
Charlotte Hornets,0.3631076101603893,Atlanta Hawks,0.6368923898396107
Los Angeles Lakers,0.04549696541360193,Cleveland Cavaliers,0.9545030345863981
New York Knicks,0.4045564740999352,Denver Nuggets,0.5954435259000648
Indiana Pacers,0.41772774114355016,Detroit Pistons,0.5822722588564498
Portland Trail Blazers,0.12081903653270454,Golden State Warriors,0.8791809634672955
Houston Rockets,0.5874611561283691,Minnesota Timberwolves,0.4125388438716308
Phoenix Suns,0.07455945392356933,Oklahoma City Thunder,0.9254405460764307
Sacramento Kings,0.2672191623217657,Dallas Mavericks,0.7327808376782343
Utah Jazz,0.4505615968559693,Memphis Grizzlies,0.5494384031440307
Boston Celtics,0.38624352378586635,Miami Heat,0.6137564762141337
Toronto Raptors,0.6461754695099369,Orlando Magic,0.3538245304900632
Brooklyn Nets,0.542405193728926,Philadelphia 76ers,0.45759480627107396
New Orleans Pelicans,0.062411202459924264,San Antonio Spurs,0.9375887975400757
Los Angeles Clippers,0.5531388709419454,Washington Wizards,0.44686112905805464
Detroit Pistons,0.39265846174594543,Chicago Bulls,0.6073415382540546
Dallas Mavericks,0.5281197451566217,Denver Nuggets,0.4718802548433782
Washington Wizards,0.321688443221109,Indiana Pacers,0.678311556778891
Phoenix Suns,0.3304503252356551,Minnesota Timberwolves,0.6695496747643449
Atlanta Hawks,0.2670188795655606,Oklahoma City Thunder,0.7329811204344394
Los Angeles Lakers,0.08330531072249814,Charlotte Hornets,0.9166946892775019
Utah Jazz,0.09840397282261382,Golden State Warriors,0.9015960271773862
San Antonio Spurs,0.729474306925205,Houston Rockets,0.27052569307479496
Denver Nuggets,0.15259603626288532,Los Angeles Clippers,0.8474039637371147
Boston Celtics,0.5508953369095678,Memphis Grizzlies,0.4491046630904322
Orlando Magic,0.22224899101496265,Miami Heat,0.7777510089850374
Cleveland Cavaliers,0.7595632726363304,Milwaukee Bucks,0.24043672736366967
Indiana Pacers,0.5436067519327901,New York Knicks,0.45639324806720993
New Orleans Pelicans,0.666881283176098,Philadelphia 76ers,0.333118716823902
Portland Trail Blazers,0.56851868278015,Sacramento Kings,0.43148131721984995
Brooklyn Nets,0.07460743978448303,Toronto Raptors,0.925392560215517
Minnesota Timberwolves,0.17050507329864883,Atlanta Hawks,0.8294949267013512
Washington Wizards,0.3520960704244449,Chicago Bulls,0.6479039295755551
Milwaukee Bucks,0.10426954023032753,Cleveland Cavaliers,0.8957304597696725
Memphis Grizzlies,0.32123696614657127,Detroit Pistons,0.6787630338534287
Oklahoma City Thunder,0.7638288686659616,New Orleans Pelicans,0.23617113133403844
Houston Rockets,0.6517307465221897,Phoenix Suns,0.34826925347781035
Dallas Mavericks,0.30748761198562946,Portland Trail Blazers,0.6925123880143705
Sacramento Kings,0.25097739721746937,Utah Jazz,0.7490226027825306
Golden State Warriors,0.9234559886890972,Brooklyn Nets,0.07654401131090288
Boston Celtics,0.4398423304412552,Indiana Pacers,0.5601576695587448
San Antonio Spurs,0.5617448852054528,Los Angeles Clippers,0.43825511479454715
Los Angeles Lakers,0.08321215419490924,Miami Heat,0.9167878458050908
Orlando Magic,0.40215588955588255,New York Knicks,0.5978441104441174
Oklahoma City Thunder,0.5016195117413192,Boston Celtics,0.49838048825868075
Chicago Bulls,0.2558101115172956,Charlotte Hornets,0.7441898884827044
Brooklyn Nets,0.06205658917936918,Cleveland Cavaliers,0.9379434108206308
Atlanta Hawks,0.6537862065195539,Denver Nuggets,0.34621379348044606
Golden State Warriors,0.7511672940998807,Detroit Pistons,0.24883270590011933
Dallas Mavericks,0.21112814954151804,Los Angeles Clippers,0.788871850458482
Houston Rockets,0.4410493732947879,Memphis Grizzlies,0.5589506267052121
Washington Wizards,0.5525466120167566,Milwaukee Bucks,0.4474533879832434
Sacramento Kings,0.47875535368904676,Minnesota Timberwolves,0.5212446463109532
Miami Heat,0.6205314839544536,New Orleans Pelicans,0.3794685160455465
Los Angeles Lakers,0.16630459105516382,Orlando Magic,0.8336954089448362
Philadelphia 76ers,0.25512442642526334,Phoenix Suns,0.7448755735747367
San Antonio Spurs,0.6801571034999849,Portland Trail Blazers,0.319842896500015
Toronto Raptors,0.5160597393350985,Utah Jazz,0.4839402606649015
Golden State Warriors,0.5278827246871145,Cleveland Cavaliers,0.4721172753128855
Los Angeles Clippers,0.8281379952974348,Los Angeles Lakers,0.1718620047025652
Boston Celtics,0.5970017179855587,New York Knicks,0.4029982820144414
Minnesota Timberwolves,0.1091348979232033,Oklahoma City Thunder,0.8908651020767967
Chicago Bulls,0.09698774564234647,San Antonio Spurs,0.9030122543576535
Charlotte Hornets,0.7702655196580779,Brooklyn Nets,0.22973448034192212
Indiana Pacers,0.4197661226013403,Chicago Bulls,0.5802338773986597
Cleveland Cavaliers,0.5795942986448354,Detroit Pistons,0.42040570135516464
Phoenix Suns,0.17362161163149625,Houston Rockets,0.8263783883685037
Denver Nuggets,0.15259603626288532,Los Angeles Clippers,0.8474039637371147
Atlanta Hawks,0.6905567522233526,Minnesota Timberwolves,0.30944324777664745
Dallas Mavericks,0.53487020710915,New Orleans Pelicans,0.46512979289085005
Memphis Grizzlies,0.4231645830146298,Orlando Magic,0.5768354169853702
Toronto Raptors,0.4952873648170971,Portland Trail Blazers,0.5047126351829029
Philadelphia 76ers,0.15561777838995305,Sacramento Kings,0.844382221610047
Milwaukee Bucks,0.2640572768775238,Washington Wizards,0.7359427231224762
Memphis Grizzlies,0.24110572338179637,Boston Celtics,0.7588942766182036
Houston Rockets,0.36117499406286246,Dallas Mavericks,0.6388250059371375
Utah Jazz,0.7260985313325272,Los Angeles Lakers,0.27390146866747284
Oklahoma City Thunder,0.5139647873965971,Miami Heat,0.48603521260340293
New York Knicks,0.180275312810954,Atlanta Hawks,0.819724687189046
Brooklyn Nets,0.15263690366189409,Chicago Bulls,0.8473630963381059
Minnesota Timberwolves,0.3883902431463421,Denver Nuggets,0.6116097568536579
Milwaukee Bucks,0.23912923049548473,Detroit Pistons,0.7608707695045153
Toronto Raptors,0.1773464449593476,Golden State Warriors,0.8226535550406524
Los Angeles Clippers,0.7004964764877278,New Orleans Pelicans,0.29950352351227216
Charlotte Hornets,0.5652995555756007,Orlando Magic,0.43470044442439926
Sacramento Kings,0.2356787678449046,Portland Trail Blazers,0.7643212321550954
Phoenix Suns,0.04204653120937629,San Antonio Spurs,0.9579534687906237
Indiana Pacers,0.45025632250321446,Washington Wizards,0.5497436774967855
Miami Heat,0.3486705232851408,Charlotte Hornets,0.6513294767148592
Boston Celtics,0.24839462731521356,Cleveland Cavaliers,0.7516053726847864
Dallas Mavericks,0.7031894765392179,Los Angeles Lakers,0.2968105234607821
Oklahoma City Thunder,0.6733316855668673,Memphis Grizzlies,0.3266683144331327
Toronto Raptors,0.793444329816537,Phoenix Suns,0.20655567018346296
Philadelphia 76ers,0.08682617112851865,Utah Jazz,0.9131738288714814
Detroit Pistons,0.30346987555413363,Atlanta Hawks,0.6965301244458664
Miami Heat,0.33726543053788394,Boston Celtics,0.6627345694621161
Philadelphia 76ers,0.18069569312340494,Denver Nuggets,0.8193043068765951
Dallas Mavericks,0.08887329639033559,Golden State Warriors,0.9111267036096644
Los Angeles Clippers,0.5338300829030347,Houston Rockets,0.46616991709696526
Chicago Bulls,0.2999044056948369,Indiana Pacers,0.7000955943051631
Milwaukee Bucks,0.4381202079380767,Minnesota Timberwolves,0.5618797920619233
New York Knicks,0.4111035149137968,New Orleans Pelicans,0.5888964850862032
Portland Trail Blazers,0.14215534248619255,San Antonio Spurs,0.8578446575138075
Brooklyn Nets,0.16938827052032657,Washington Wizards,0.8306117294796734
Milwaukee Bucks,0.2406563046206569,Chicago Bulls,0.7593436953793431
Cleveland Cavaliers,0.49329798666796365,Charlotte Hornets,0.5067020133320363
New York Knicks,0.25473024147385925,Houston Rockets,0.7452697585261407
Los Angeles Clippers,0.3051333275355592,Oklahoma City Thunder,0.6948666724644408
Memphis Grizzlies,0.4536363374457606,Sacramento Kings,0.5463636625542394
Phoenix Suns,0.15257765720562722,Utah Jazz,0.8474223427943728
San Antonio Spurs,0.6343710159426698,Atlanta Hawks,0.36562898405733024
Orlando Magic,0.26283604354344936,Indiana Pacers,0.7371639564565506
Toronto Raptors,0.8396427872428522,Los Angeles Lakers,0.16035721275714773
Detroit Pistons,0.3113824478120507,Miami Heat,0.6886175521879493
Portland Trail Blazers,0.6507575330686028,Minnesota Timberwolves,0.3492424669313972
Utah Jazz,0.704480761194559,Brooklyn Nets,0.29551923880544095
Charlotte Hornets,0.45829117569516253,Chicago Bulls,0.5417088243048375
New Orleans Pelicans,0.10051105590681542,Cleveland Cavaliers,0.8994889440931846
Denver Nuggets,0.06158840520793285,Golden State Warriors,0.9384115947920671
Washington Wizards,0.3627209700111238,Houston Rockets,0.6372790299888762
Phoenix Suns,0.09080172272300446,Los Angeles Clippers,0.9091982772769955
Oklahoma City Thunder,0.7745511675482042,Milwaukee Bucks,0.2254488324517958
Orlando Magic,0.40215588955588255,New York Knicks,0.5978441104441174
Utah Jazz,0.28593356074371945,Boston Celtics,0.7140664392562805
Washington Wizards,0.3467635561678597,Dallas Mavericks,0.6532364438321403
Sacramento Kings,0.4373240778364269,Denver Nuggets,0.5626759221635731
Indiana Pacers,0.41772774114355016,Detroit Pistons,0.5822722588564498
Memphis Grizzlies,0.6777622347283563,Los Angeles Lakers,0.3222377652716438
Minnesota Timberwolves,0.6674606463217296,Philadelphia 76ers,0.3325393536782704
Miami Heat,0.7119493165379522,Phoenix Suns,0.2880506834620478
Toronto Raptors,0.20632266151296952,San Antonio Spurs,0.7936773384870305
Oklahoma City Thunder,0.5142696684252476,Charlotte Hornets,0.4857303315747524
Chicago Bulls,0.15275639055230217,Cleveland Cavaliers,0.8472436094476978
Portland Trail Blazers,0.12081903653270454,Golden State Warriors,0.8791809634672955
Memphis Grizzlies,0.19198488144884784,Los Angeles Clippers,0.8080151185511522
Milwaukee Bucks,0.3428814067712481,New York Knicks,0.6571185932287519
Atlanta Hawks,0.5823324857643994,Orlando Magic,0.4176675142356005
Miami Heat,0.5708043650840294,Sacramento Kings,0.42919563491597057
Phoenix Suns,0.16384450687093488,Dallas Mavericks,0.8361554931290651
San Antonio Spurs,0.8427698162915449,Denver Nuggets,0.15723018370845504
Charlotte Hornets,0.4562128077079922,Detroit Pistons,0.5437871922920078
Oklahoma City Thunder,0.6129314601884039,Houston Rockets,0.387068539811596
Brooklyn Nets,0.13584328867458184,Indiana Pacers,0.8641567113254182
Atlanta Hawks,0.6598966619221184,New Orleans Pelicans,0.3401033380778816
Los Angeles Lakers,0.09681126294159081,Portland Trail Blazers,0.9031887370584092
Utah Jazz,0.21211587380926344,Toronto Raptors,0.7878841261907366
Philadelphia 76ers,0.06587566763885855,Boston Celtics,0.9341243323611415
Cleveland Cavaliers,0.8463840871769904,Brooklyn Nets,0.15361591282300954
Memphis Grizzlies,0.07969518260409314,Golden State Warriors,0.9203048173959069
Miami Heat,0.7711170609826394,Los Angeles Lakers,0.22888293901736054
New York Knicks,0.42580147661372214,Milwaukee Bucks,0.5741985233862779
Houston Rockets,0.4708112699428485,Orlando Magic,0.5291887300571515
Los Angeles Clippers,0.6554295232164851,Sacramento Kings,0.344570476783515
Minnesota Timberwolves,0.2566839210472276,Washington Wizards,0.7433160789527724
New Orleans Pelicans,0.1684164326319808,Boston Celtics,0.8315835673680192
Toronto Raptors,0.5429805290216674,Chicago Bulls,0.4570194709783326
Atlanta Hawks,0.4697808061239398,Dallas Mavericks,0.5302191938760602
New York Knicks,0.22166486086496506,Indiana Pacers,0.7783351391350349
Utah Jazz,0.5967597830538864,Minnesota Timberwolves,0.40324021694611356
Denver Nuggets,0.1268423134881539,Oklahoma City Thunder,0.8731576865118461
Charlotte Hornets,0.15619619875240753,San Antonio Spurs,0.8438038012475925
Philadelphia 76ers,0.2956921241110888,Brooklyn Nets,0.7043078758889112
Miami Heat,0.2756702167335081,Los Angeles Clippers,0.7243297832664919
Orlando Magic,0.6429359904864866,Los Angeles Lakers,0.3570640095135133
Utah Jazz,0.4505615968559693,Memphis Grizzlies,0.5494384031440307
Washington Wizards,0.5525466120167566,Milwaukee Bucks,0.4474533879832434
Cleveland Cavaliers,0.8180138707623439,Phoenix Suns,0.18198612923765606
Detroit Pistons,0.34811173178112487,Portland Trail Blazers,0.6518882682188751
Golden State Warriors,0.8411689734163036,Sacramento Kings,0.15883102658369644
Houston Rockets,0.20575255879007148,Toronto Raptors,0.7942474412099285
Oklahoma City Thunder,0.6018996696499075,Chicago Bulls,0.39810033035009257
Dallas Mavericks,0.5694475016224422,Minnesota Timberwolves,0.4305524983775578
New Orleans Pelicans,0.3337264571531604,New York Knicks,0.6662735428468396
Atlanta Hawks,0.7823592609564685,Brooklyn Nets,0.2176407390435315
Miami Heat,0.12181292634015539,Golden State Warriors,0.8781870736598446
Charlotte Hornets,0.4697969991171893,Houston Rockets,0.5302030008828107
Portland Trail Blazers,0.7694673061025193,Los Angeles Lakers,0.23053269389748063
Detroit Pistons,0.5293607445331128,Sacramento Kings,0.4706392554668873
Milwaukee Bucks,0.0648477027085328,San Antonio Spurs,0.9351522972914672
Boston Celtics,0.2870965185694795,Toronto Raptors,0.7129034814305205
Cleveland Cavaliers,0.5551241356261918,Utah Jazz,0.44487586437380827
Chicago Bulls,0.35721560358105753,Washington Wizards,0.6427843964189425
Washington Wizards,0.2656615290423604,Boston Celtics,0.7343384709576396
Orlando Magic,0.16902671013120563,Los Angeles Clippers,0.8309732898687944
Houston Rockets,0.5874611561283691,Minnesota Timberwolves,0.4125388438716308
Memphis Grizzlies,0.1608452722585254,Oklahoma City Thunder,0.8391547277414746
New York Knicks,0.682284592544539,Philadelphia 76ers,0.317715407455461
Cleveland Cavaliers,0.534516091751905,Portland Trail Blazers,0.4654839082480951
New Orleans Pelicans,0.5466270033345106,Brooklyn Nets,0.4533729966654893
Indiana Pacers,0.6009816511453356,Denver Nuggets,0.3990183488546644
Detroit Pistons,0.1049938693781779,Golden State Warriors,0.8950061306218221
Chicago Bulls,0.4469594512217606,New York Knicks,0.5530405487782394
Dallas Mavericks,0.6347787518989347,Phoenix Suns,0.36522124810106527
Los Angeles Lakers,0.027610700371898167,San Antonio Spurs,0.9723892996281018
Boston Celtics,0.37747141179821275,Atlanta Hawks,0.6225285882017872
Memphis Grizzlies,0.3332652248549385,Houston Rockets,0.6667347751450615
Miami Heat,0.6346477381935216,Milwaukee Bucks,0.3653522618064784
Oklahoma City Thunder,0.7881277677907518,Minnesota Timberwolves,0.21187223220924822
Charlotte Hornets,0.8477255806334807,Philadelphia 76ers,0.1522744193665193
Orlando Magic,0.2523168536528714,Portland Trail Blazers,0.7476831463471286
Cleveland Cavaliers,0.7074874334837045,Sacramento Kings,0.2925125665162956
Brooklyn Nets,0.07460743978448303,Toronto Raptors,0.925392560215517
Detroit Pistons,0.3672023784211055,Utah Jazz,0.6327976215788945
New Orleans Pelicans,0.23326189086234872,Chicago Bulls,0.7667381091376513
Los Angeles Lakers,0.06068721544149969,Los Angeles Clippers,0.9393127845585003
San Antonio Spurs,0.8927513753034414,Phoenix Suns,0.10724862469655864
Orlando Magic,0.26831636588228214,Utah Jazz,0.7316836341177179
Philadelphia 76ers,0.10708836252730058,Washington Wizards,0.8929116374726994
Milwaukee Bucks,0.1759890148819857,Atlanta Hawks,0.8240109851180143
Houston Rockets,0.6964024261181616,Brooklyn Nets,0.30359757388183845
Minnesota Timberwolves,0.2295538708785897,Dallas Mavericks,0.7704461291214103
Detroit Pistons,0.7402126422459567,Los Angeles Lakers,0.2597873577540432
Chicago Bulls,0.4009130291756612,Memphis Grizzlies,0.5990869708243388
Oklahoma City Thunder,0.7245442975938992,Sacramento Kings,0.27545570240610084
New York Knicks,0.12744773424385847,Toronto Raptors,0.8725522657561415
Charlotte Hornets,0.36028381161070155,Boston Celtics,0.6397161883892984
Orlando Magic,0.4596368940319078,Denver Nuggets,0.5403631059680922
Cleveland Cavaliers,0.20144384794324044,Golden State Warriors,0.7985561520567596
New Orleans Pelicans,0.2097938779006998,Indiana Pacers,0.7902061220993002
Oklahoma City Thunder,0.4294589103982934,Los Angeles Clippers,0.5705410896017066
Philadelphia 76ers,0.19401526234405664,Milwaukee Bucks,0.8059847376559434
Atlanta Hawks,0.5989370709828489,New York Knicks,0.4010629290171511
Utah Jazz,0.6604181210526006,Phoenix Suns,0.3395818789473994
Portland Trail Blazers,0.46162040691992334,Washington Wizards,0.5383795930800767
Toronto Raptors,0.8248245188134897,Brooklyn Nets,0.17517548118651025
Dallas Mavericks,0.3496239098144541,Chicago Bulls,0.6503760901855459
Denver Nuggets,0.6145047142693327,Los Angeles Lakers,0.38549528573066727
Houston Rockets,0.2881628555342757,Miami Heat,0.7118371444657243
Minnesota Timberwolves,0.06256405175571689,San Antonio Spurs,0.9374359482442831
New York Knicks,0.1784749165398083,Boston Celtics,0.8215250834601917
Portland Trail Blazers,0.3465561088248884,Charlotte Hornets,0.6534438911751116
Atlanta Hawks,0.47353940836051034,Detroit Pistons,0.5264605916394897
Oklahoma City Thunder,0.21527943948608697,Golden State Warriors,0.784720560513913
Milwaukee Bucks,0.24921186912713933,Houston Rockets,0.7507881308728607
Orlando Magic,0.4663771475511117,New Orleans Pelicans,0.5336228524488883
Toronto Raptors,0.8865971367500745,Philadelphia 76ers,0.11340286324992557
Indiana Pacers,0.5572468214532753,Sacramento Kings,0.4427531785467247
Memphis Grizzlies,0.35077830031052815,Washington Wizards,0.6492216996894719
Phoenix Suns,0.06862438817791572,Cleveland Cavaliers,0.9313756118220843
Minnesota Timberwolves,0.1318361960609693,Los Angeles Clippers,0.8681638039390307
Dallas Mavericks,0.2732479388796314,Miami Heat,0.7267520611203686
Washington Wizards,0.47222025461312556,New York Knicks,0.5277797453868744
Denver Nuggets,0.07333726893302406,San Antonio Spurs,0.9266627310669759
Chicago Bulls,0.2485714394385291,Atlanta Hawks,0.7514285605614709
Toronto Raptors,0.4541429611951864,Charlotte Hornets,0.5458570388048136
Utah Jazz,0.3701052010429472,Dallas Mavericks,0.6298947989570528
Golden State Warriors,0.7612394709013778,Houston Rockets,0.23876052909862222
Indiana Pacers,0.7612403277563684,Los Angeles Lakers,0.23875967224363157
Sacramento Kings,0.3372856499272665,Memphis Grizzlies,0.6627143500727335
Brooklyn Nets,0.27814796088403304,New Orleans Pelicans,0.721852039115967
Milwaukee Bucks,0.32757749998013397,Orlando Magic,0.672422500019866
Portland Trail Blazers,0.8328799621322619,Philadelphia 76ers,0.16712003786773813
Philadelphia 76ers,0.06663232748399284,Atlanta Hawks,0.9333676725160072
Portland Trail Blazers,0.33518458668057416,Boston Celtics,0.6648154133194258
Sacramento Kings,0.2718374808376657,Chicago Bulls,0.7281625191623343
Brooklyn Nets,0.1120112364475846,Charlotte Hornets,0.8879887635524154
San Antonio Spurs,0.486032856885678,Cleveland Cavaliers,0.513967143114322
Los Angeles Clippers,0.694778070719163,Denver Nuggets,0.305221929280837
Washington Wizards,0.35018797144531943,Detroit Pistons,0.6498120285546806
Houston Rockets,0.4410493732947879,Memphis Grizzlies,0.5589506267052121
Milwaukee Bucks,0.1814435558294849,Miami Heat,0.8185564441705151
Phoenix Suns,0.24827486724462555,New York Knicks,0.7517251327553744
Indiana Pacers,0.3936918264766677,Utah Jazz,0.6063081735233323
Los Angeles Lakers,0.11250279816437903,Dallas Mavericks,0.887497201835621
Denver Nuggets,0.4708711598148241,Minnesota Timberwolves,0.5291288401851759
Golden State Warriors,0.8239214208587218,Orlando Magic,0.17607857914127825
Phoenix Suns,0.08238688876751943,Toronto Raptors,0.9176131112324806
Los Angeles Clippers,0.4242343250773035,Atlanta Hawks,0.5757656749226965
San Antonio Spurs,0.9107419038261189,Brooklyn Nets,0.08925809617388114
Washington Wizards,0.27565236830848205,Charlotte Hornets,0.724347631691518
Sacramento Kings,0.27018294827897193,Detroit Pistons,0.7298170517210281
New York Knicks,0.22166486086496506,Indiana Pacers,0.7783351391350349
Golden State Warriors,0.6804214420974753,Miami Heat,0.31957855790252465
Houston Rockets,0.5680730275244104,Milwaukee Bucks,0.43192697247558964
Cleveland Cavaliers,0.748359737714609,New Orleans Pelicans,0.2516402622853911
Oklahoma City Thunder,0.5757377067858132,Utah Jazz,0.42426229321418685
Utah Jazz,0.556009610769165,Denver Nuggets,0.44399038923083506
Chicago Bulls,0.43005034069427417,Orlando Magic,0.5699496593057258
Los Angeles Clippers,0.877971483614317,Philadelphia 76ers,0.122028516385683
Minnesota Timberwolves,0.49652295189197904,Phoenix Suns,0.503477048108021
San Antonio Spurs,0.5353862424247788,Toronto Raptors,0.4646137575752211
Boston Celtics,0.5046201961535642,Washington Wizards,0.49537980384643576
Houston Rockets,0.27813752125880775,Boston Celtics,0.7218624787411922
Miami Heat,0.7518380340569931,Brooklyn Nets,0.24816196594300685
Atlanta Hawks,0.47562767021082575,Chicago Bulls,0.5243723297891743
Golden State Warriors,0.680686778418879,Charlotte Hornets,0.319313221581121
Sacramento Kings,0.12058569859403323,Cleveland Cavaliers,0.8794143014059668
New York Knicks,0.24172170099526047,Dallas Mavericks,0.7582782990047395
Toronto Raptors,0.6182798604777268,Memphis Grizzlies,0.38172013952227324
Philadelphia 76ers,0.19401526234405664,Milwaukee Bucks,0.8059847376559434
Oklahoma City Thunder,0.7638288686659616,New Orleans Pelicans,0.23617113133403844
Los Angeles Lakers,0.09681126294159081,Portland Trail Blazers,0.9031887370584092
Phoenix Suns,0.2945995763310677,Denver Nuggets,0.7054004236689323
Indiana Pacers,0.6402746819522693,Minnesota Timberwolves,0.35972531804773067
Dallas Mavericks,0.1775658782347712,Oklahoma City Thunder,0.8224341217652288
Los Angeles Lakers,0.10432598636204649,Utah Jazz,0.8956740136379535
Washington Wizards,0.26805446093950414,Atlanta Hawks,0.7319455390604959
Orlando Magic,0.21382798900853273,Boston Celtics,0.7861720109914673
Miami Heat,0.4332518874511506,Chicago Bulls,0.5667481125488494
Brooklyn Nets,0.06205658917936918,Cleveland Cavaliers,0.9379434108206308
Sacramento Kings,0.2457322826436137,Indiana Pacers,0.7542677173563863
San Antonio Spurs,0.8463288191121131,New Orleans Pelicans,0.1536711808878869
Charlotte Hornets,0.5820953421650117,New York Knicks,0.41790465783498826
Houston Rockets,0.792043312340782,Philadelphia 76ers,0.20795668765921801
Memphis Grizzlies,0.28273873748762424,Portland Trail Blazers,0.7172612625123758
Milwaukee Bucks,0.12422713490780779,Toronto Raptors,0.8757728650921922
Sacramento Kings,0.2072450242059758,Charlotte Hornets,0.7927549757940242
Los Angeles Clippers,0.1655479060201227,Golden State Warriors,0.8344520939798773
Detroit Pistons,0.3113824478120507,Miami Heat,0.6886175521879493
Boston Celtics,0.6715462044440379,Milwaukee Bucks,0.3284537955559621
Brooklyn Nets,0.3070861666052709,Minnesota Timberwolves,0.6929138333947291
Denver Nuggets,0.5390523992150738,Phoenix Suns,0.4609476007849262
Memphis Grizzlies,0.2998935715298514,Utah Jazz,0.7001064284701486
New York Knicks,0.180275312810954,Atlanta Hawks,0.819724687189046
Philadelphia 76ers,0.09578753787775007,Chicago Bulls,0.9042124621222499
Oklahoma City Thunder,0.35705052529110837,Cleveland Cavaliers,0.6429494747088916
Houston Rockets,0.33559314009432584,Indiana Pacers,0.6644068599056742
Washington Wizards,0.5375695606242549,New Orleans Pelicans,0.46243043937574513
Golden State Warriors,0.7154542726237416,Portland Trail Blazers,0.28454572737625833
Dallas Mavericks,0.10524339935284399,San Antonio Spurs,0.894756600647156
Orlando Magic,0.15459519588976367,Toronto Raptors,0.8454048041102363
Detroit Pistons,0.30089075495192763,Boston Celtics,0.6991092450480724
Cleveland Cavaliers,0.5759147712030575,Dallas Mavericks,0.4240852287969426
Brooklyn Nets,0.11188989751847056,Miami Heat,0.8881101024815294
Orlando Magic,0.5012987531725024,Minnesota Timberwolves,0.4987012468274976
Sacramento Kings,0.7106980522404907,Philadelphia 76ers,0.2893019477595093
Memphis Grizzlies,0.6067682139036894,Phoenix Suns,0.39323178609631065
Sacramento Kings,0.2810912178739218,Houston Rockets,0.7189087821260782
Denver Nuggets,0.6145047142693327,Los Angeles Lakers,0.38549528573066727
Charlotte Hornets,0.4113414975357519,Portland Trail Blazers,0.5886585024642481
Oklahoma City Thunder,0.24858065875128643,San Antonio Spurs,0.7514193412487136
New Orleans Pelicans,0.11984551368977481,Toronto Raptors,0.8801544863102252
New York Knicks,0.2697862518509334,Washington Wizards,0.7302137481490666
Toronto Raptors,0.44162709573944825,Boston Celtics,0.5583729042605518
New York Knicks,0.563955048754585,Brooklyn Nets,0.436044951245415
Minnesota Timberwolves,0.10074718795193915,Cleveland Cavaliers,0.8992528120480608
Philadelphia 76ers,0.09377499337041573,Dallas Mavericks,0.9062250066295843
Memphis Grizzlies,0.49839306643572145,Denver Nuggets,0.5016069335642785
New Orleans Pelicans,0.23176741642880272,Detroit Pistons,0.7682325835711973
Charlotte Hornets,0.1330794076763704,Golden State Warriors,0.8669205923236296
Atlanta Hawks,0.38815370966005247,Miami Heat,0.6118462903399475
Chicago Bulls,0.1646811653867285,Oklahoma City Thunder,0.8353188346132715
Indiana Pacers,0.52652232204736,Orlando Magic,0.4734776779526399
Los Angeles Clippers,0.77949548366818,Phoenix Suns,0.22050451633182
Milwaukee Bucks,0.2214612540936649,Utah Jazz,0.7785387459063351
Atlanta Hawks,0.48717730826377614,Houston Rockets,0.5128226917362239
Golden State Warriors,0.6024721509578399,Los Angeles Clippers,0.39752784904216015
Philadelphia 76ers,0.02265376364352578,San Antonio Spurs,0.9773462363564742
Los Angeles Lakers,0.12809914473025197,Washington Wizards,0.871900855269748
Los Angeles Lakers,0.07952061719807291,Boston Celtics,0.9204793828019271
Indiana Pacers,0.7414083581555206,Brooklyn Nets,0.25859164184447936
Milwaukee Bucks,0.3975236090552041,Denver Nuggets,0.6024763909447959
Minnesota Timberwolves,0.23223229711891058,Detroit Pistons,0.7677677028810894
Chicago Bulls,0.33954922774142626,Houston Rockets,0.6604507722585737
Memphis Grizzlies,0.1608452722585254,Oklahoma City Thunder,0.8391547277414746
Toronto Raptors,0.6461754695099369,Orlando Magic,0.3538245304900632
Dallas Mavericks,0.30748761198562946,Portland Trail Blazers,0.6925123880143705
Phoenix Suns,0.2587050958415358,Sacramento Kings,0.7412949041584642
Orlando Magic,0.215891295427159,Atlanta Hawks,0.784108704572841
Detroit Pistons,0.3606979909791548,Indiana Pacers,0.6393020090208452
Philadelphia 76ers,0.06898124317132903,Miami Heat,0.931018756828671
Memphis Grizzlies,0.5400569161110256,Minnesota Timberwolves,0.4599430838889745
Cleveland Cavaliers,0.6959504335030804,New York Knicks,0.30404956649691955
Milwaukee Bucks,0.5060950084634654,Phoenix Suns,0.4939049915365346
Golden State Warriors,0.8411689734163036,Sacramento Kings,0.15883102658369644
Denver Nuggets,0.07333726893302406,San Antonio Spurs,0.9266627310669759
Charlotte Hornets,0.43160389180368064,Utah Jazz,0.5683961081963194
New Orleans Pelicans,0.25618642580646356,Washington Wizards,0.7438135741935364
Los Angeles Clippers,0.4212495737962033,Boston Celtics,0.5787504262037967
Toronto Raptors,0.8248245188134897,Brooklyn Nets,0.17517548118651025
Portland Trail Blazers,0.23323151222943517,Oklahoma City Thunder,0.7667684877705648
Utah Jazz,0.2884373695757553,Atlanta Hawks,0.7115626304242447
Dallas Mavericks,0.5281197451566217,Denver Nuggets,0.4718802548433782
Philadelphia 76ers,0.09506463734498838,Detroit Pistons,0.9049353626550116
Oklahoma City Thunder,0.5688600936276866,Indiana Pacers,0.4311399063723133
San Antonio Spurs,0.7782674768289444,Memphis Grizzlies,0.22173252317105568
Miami Heat,0.6528735674390888,Minnesota Timberwolves,0.34712643256091125
Phoenix Suns,0.3002644856869041,New Orleans Pelicans,0.6997355143130959
Los Angeles Lakers,0.17604666333656294,New York Knicks,0.8239533366634371
Chicago Bulls,0.46062199024528727,Sacramento Kings,0.5393780097547127
Los Angeles Clippers,0.32857268919020544,Toronto Raptors,0.6714273108097946
Cleveland Cavaliers,0.6114903877134592,Washington Wizards,0.3885096122865408
Brooklyn Nets,0.1120112364475846,Charlotte Hornets,0.8879887635524154
Portland Trail Blazers,0.4252208891370097,Dallas Mavericks,0.5747791108629903
Orlando Magic,0.29967825632227973,Houston Rockets,0.7003217436777203
Denver Nuggets,0.1959794352000368,Atlanta Hawks,0.8040205647999632
Washington Wizards,0.6829141524663844,Brooklyn Nets,0.3170858475336155
Los Angeles Lakers,0.11401759243675691,Detroit Pistons,0.8859824075632431
Chicago Bulls,0.08178439533646376,Golden State Warriors,0.9182156046635362
Cleveland Cavaliers,0.5481746030233905,Indiana Pacers,0.45182539697660956
Phoenix Suns,0.21474907050466496,Memphis Grizzlies,0.785250929495335
Miami Heat,0.6346477381935216,Milwaukee Bucks,0.3653522618064784
Toronto Raptors,0.7450981829466772,Minnesota Timberwolves,0.2549018170533228
Utah Jazz,0.562691467814415,New Orleans Pelicans,0.437308532185585
Los Angeles Clippers,0.6428757249708039,New York Knicks,0.35712427502919614
San Antonio Spurs,0.9442645000101868,Philadelphia 76ers,0.05573549998981319
Boston Celtics,0.61019030505875,Sacramento Kings,0.38980969494125
Houston Rockets,0.28841327474829015,Charlotte Hornets,0.7115867252517099
Utah Jazz,0.3701052010429472,Dallas Mavericks,0.6298947989570528
Cleveland Cavaliers,0.35829981985995807,Oklahoma City Thunder,0.6417001801400419
Philadelphia 76ers,0.14003380137094135,Orlando Magic,0.8599661986290587
Boston Celtics,0.42633609452461396,Portland Trail Blazers,0.573663905475386
Miami Heat,0.7518380340569931,Brooklyn Nets,0.24816196594300685
San Antonio Spurs,0.7185575358259382,Detroit Pistons,0.2814424641740618
Golden State Warriors,0.8058283666399204,Memphis Grizzlies,0.19417163336007956
Los Angeles Lakers,0.22773134744010037,Milwaukee Bucks,0.7722686525598996
New Orleans Pelicans,0.42807893356962357,Minnesota Timberwolves,0.5719210664303764
Denver Nuggets,0.3732421851481246,New York Knicks,0.6267578148518754
Chicago Bulls,0.6134642595119184,Phoenix Suns,0.38653574048808165
Atlanta Hawks,0.6121034738188174,Sacramento Kings,0.3878965261811826
Indiana Pacers,0.45025632250321446,Washington Wizards,0.5497436774967855
Los Angeles Clippers,0.4336364285679365,Charlotte Hornets,0.5663635714320635
Denver Nuggets,0.1172728276541094,Cleveland Cavaliers,0.8827271723458906
Orlando Magic,0.28525288224603673,Dallas Mavericks,0.7147471177539633
Phoenix Suns,0.17362161163149625,Houston Rockets,0.8263783883685037
Milwaukee Bucks,0.21665456625040824,Indiana Pacers,0.7833454337495918
Golden State Warriors,0.5500786170011807,Oklahoma City Thunder,0.44992138299881934
Miami Heat,0.8341737158514331,Philadelphia 76ers,0.16582628414856693
Boston Celtics,0.44677651620226067,Utah Jazz,0.5532234837977393
Chicago Bulls,0.5470409192756094,Minnesota Timberwolves,0.4529590807243907
San Antonio Spurs,0.8091192273434951,New York Knicks,0.1908807726565049
New Orleans Pelicans,0.34609379291595244,Sacramento Kings,0.6539062070840476
Detroit Pistons,0.22442527070875806,Toronto Raptors,0.7755747292912419
Memphis Grizzlies,0.6541466367892503,Brooklyn Nets,0.3458533632107496
Philadelphia 76ers,0.06905966819784226,Charlotte Hornets,0.9309403318021577
Boston Celtics,0.4677760317709757,Dallas Mavericks,0.5322239682290243
Golden State Warriors,0.8637171498986501,Denver Nuggets,0.13628285010134986
San Antonio Spurs,0.6920045690434711,Indiana Pacers,0.3079954309565289
Orlando Magic,0.22224899101496265,Miami Heat,0.7777510089850374
Detroit Pistons,0.5949947779742187,Milwaukee Bucks,0.40500522202578126
New Orleans Pelicans,0.49587071190047427,Phoenix Suns,0.5041292880995257
Atlanta Hawks,0.4283061918360944,Portland Trail Blazers,0.5716938081639056
Los Angeles Clippers,0.49529423025997477,Utah Jazz,0.5047057697400252
Oklahoma City Thunder,0.6312272084780668,Washington Wizards,0.36877279152193315
Toronto Raptors,0.5429805290216674,Chicago Bulls,0.4570194709783326
Sacramento Kings,0.6219669436212403,Los Angeles Lakers,0.3780330563787598
Cleveland Cavaliers,0.7737788356817352,Minnesota Timberwolves,0.22622116431826475
Philadelphia 76ers,0.06587566763885855,Boston Celtics,0.9341243323611415
Milwaukee Bucks,0.5567420793683115,Brooklyn Nets,0.4432579206316885
Indiana Pacers,0.20993635231600405,Cleveland Cavaliers,0.790063647683996
Minnesota Timberwolves,0.3883902431463421,Denver Nuggets,0.6116097568536579
Dallas Mavericks,0.34772201795771296,Detroit Pistons,0.652277982042287
Sacramento Kings,0.06344128636057411,Golden State Warriors,0.9365587136394259
Miami Heat,0.4446450717252266,Houston Rockets,0.5553549282747734
Atlanta Hawks,0.3110934085820968,Los Angeles Clippers,0.6889065914179032
New Orleans Pelicans,0.2931617275957853,Memphis Grizzlies,0.7068382724042147
New York Knicks,0.11587978768222729,Oklahoma City Thunder,0.8841202123177727
San Antonio Spurs,0.7982858195553926,Orlando Magic,0.2017141804446074
Los Angeles Lakers,0.29556574852743744,Phoenix Suns,0.7044342514725626
Charlotte Hornets,0.27465446280856387,Toronto Raptors,0.7253455371914361
Portland Trail Blazers,0.40467919025164134,Utah Jazz,0.5953208097483587
Boston Celtics,0.47362023239745665,Chicago Bulls,0.5263797676025433
Washington Wizards,0.321688443221109,Indiana Pacers,0.678311556778891
New York Knicks,0.10703597351630623,Cleveland Cavaliers,0.8929640264836938
Charlotte Hornets,0.4562128077079922,Detroit Pistons,0.5437871922920078
Los Angeles Clippers,0.1655479060201227,Golden State Warriors,0.8344520939798773
Houston Rockets,0.5531954315626274,New Orleans Pelicans,0.4468045684373726
Portland Trail Blazers,0.5379277789966022,Orlando Magic,0.4620722210033979
Denver Nuggets,0.38622503245096984,Sacramento Kings,0.6137749675490302
Miami Heat,0.34000470513847914,Atlanta Hawks,0.6599952948615209
Phoenix Suns,0.16708358385769173,Chicago Bulls,0.8329164161423083
Brooklyn Nets,0.27273767453647224,Denver Nuggets,0.7272623254635278
Memphis Grizzlies,0.29402746684718684,Indiana Pacers,0.7059725331528132
San Antonio Spurs,0.5617448852054528,Los Angeles Clippers,0.43825511479454715
Utah Jazz,0.5774943637744447,Milwaukee Bucks,0.4225056362255553
Dallas Mavericks,0.5694475016224422,Minnesota Timberwolves,0.4305524983775578
Los Angeles Lakers,0.049538214472368725,Oklahoma City Thunder,0.9504617855276313
Washington Wizards,0.7814708143060145,Philadelphia 76ers,0.21852918569398552
Boston Celtics,0.2870965185694795,Toronto Raptors,0.7129034814305205
Chicago Bulls,0.15275639055230217,Cleveland Cavaliers,0.8472436094476978
New Orleans Pelicans,0.22909275198692114,Dallas Mavericks,0.7709072480130789
Brooklyn Nets,0.0316503245736216,Golden State Warriors,0.9683496754263784
Minnesota Timberwolves,0.24211666976716517,Houston Rockets,0.7578833302328348
Indiana Pacers,0.335983135020548,Miami Heat,0.664016864979452
Philadelphia 76ers,0.14851107833467125,New York Knicks,0.8514889216653287
Atlanta Hawks,0.5823324857643994,Orlando Magic,0.4176675142356005
Charlotte Hornets,0.5954411802507907,Sacramento Kings,0.40455881974920926
Memphis Grizzlies,0.49839306643572145,Denver Nuggets,0.5016069335642785
Boston Celtics,0.47153285868143124,Detroit Pistons,0.5284671413185688
Charlotte Hornets,0.2963646299220889,Los Angeles Clippers,0.7036353700779111
San Antonio Spurs,0.9190060034638293,Los Angeles Lakers,0.08099399653617069
Phoenix Suns,0.31310661829822795,Milwaukee Bucks,0.686893381701772
New Orleans Pelicans,0.10888148703058331,Oklahoma City Thunder,0.8911185129694167
Portland Trail Blazers,0.253159892121707,Toronto Raptors,0.746840107878293
Utah Jazz,0.4051120339019171,Washington Wizards,0.5948879660980829
Atlanta Hawks,0.3764895385930508,Boston Celtics,0.6235104614069492
Milwaukee Bucks,0.10426954023032753,Cleveland Cavaliers,0.8957304597696725
Miami Heat,0.4275012572365473,Dallas Mavericks,0.5724987427634527
Indiana Pacers,0.431074411148371,Houston Rockets,0.568925588851629
Toronto Raptors,0.6617163618469484,New York Knicks,0.33828363815305157
Golden State Warriors,0.9524528552185633,Philadelphia 76ers,0.047547144781436686
Minnesota Timberwolves,0.3466845052750842,Sacramento Kings,0.6533154947249158
Denver Nuggets,0.2656243597499921,Chicago Bulls,0.7343756402500079
Portland Trail Blazers,0.42891137319920025,Detroit Pistons,0.5710886268007997
Charlotte Hornets,0.7885156545662619,Los Angeles Lakers,0.21148434543373804
Phoenix Suns,0.21474907050466496,Memphis Grizzlies,0.785250929495335
Utah Jazz,0.19457665611321195,Oklahoma City Thunder,0.805423343886788
Golden State Warriors,0.7750973047971011,Washington Wizards,0.22490269520289882
Dallas Mavericks,0.2659301829763553,Atlanta Hawks,0.7340698170236447
Cleveland Cavaliers,0.4806532221041332,Boston Celtics,0.5193467778958668
Houston Rockets,0.22369600713600146,Los Angeles Clippers,0.7763039928639985
Philadelphia 76ers,0.06898124317132903,Miami Heat,0.931018756828671
Denver Nuggets,0.4511231461419888,Milwaukee Bucks,0.5488768538580112
Detroit Pistons,0.5803594804343104,New Orleans Pelicans,0.41964051956568965
New York Knicks,0.33405904538720044,Orlando Magic,0.6659409546127996
Brooklyn Nets,0.23860587435687342,Sacramento Kings,0.7613941256431266
Indiana Pacers,0.13665949704868208,San Antonio Spurs,0.8633405029513179
Washington Wizards,0.19564344501042885,Toronto Raptors,0.8043565549895711
Minnesota Timberwolves,0.21492995325727315,Utah Jazz,0.7850700467427268
Golden State Warriors,0.7527293561835016,Chicago Bulls,0.24727064381649838
Charlotte Hornets,0.7322840693929455,Phoenix Suns,0.26771593060705445
Oklahoma City Thunder,0.5553196404687799,Portland Trail Blazers,0.44468035953122004
Cleveland Cavaliers,0.48370709472033446,Atlanta Hawks,0.5162929052796655
Memphis Grizzlies,0.31795713124020286,Dallas Mavericks,0.6820428687597971
Boston Celtics,0.798606565562957,Los Angeles Lakers,0.20139343443704302
Los Angeles Clippers,0.7130137818316578,Milwaukee Bucks,0.2869862181683422
San Antonio Spurs,0.8463288191121131,New Orleans Pelicans,0.1536711808878869
Miami Heat,0.5402444628353906,Orlando Magic,0.45975553716460943
New York Knicks,0.682284592544539,Philadelphia 76ers,0.317715407455461
Oklahoma City Thunder,0.8301728333908337,Phoenix Suns,0.1698271666091663
Brooklyn Nets,0.1391756384271401,Utah Jazz,0.8608243615728599
Toronto Raptors,0.5735734625394884,Washington Wizards,0.4264265374605116
Los Angeles Clippers,0.5223008865589367,Chicago Bulls,0.4776991134410633
Charlotte Hornets,0.6378550827409435,Denver Nuggets,0.3621449172590565
Memphis Grizzlies,0.3332652248549385,Houston Rockets,0.6667347751450615
Cleveland Cavaliers,0.4929929197437849,Miami Heat,0.5070070802562151
Toronto Raptors,0.729709904094196,Milwaukee Bucks,0.270290095905804
Detroit Pistons,0.809682038237156,Philadelphia 76ers,0.19031796176284396
Brooklyn Nets,0.12951363508664115,Portland Trail Blazers,0.8704863649133588
Minnesota Timberwolves,0.06256405175571689,San Antonio Spurs,0.9374359482442831
Indiana Pacers,0.3277429588960341,Atlanta Hawks,0.6722570411039659
Oklahoma City Thunder,0.5962656251360756,Dallas Mavericks,0.40373437486392444
New Orleans Pelicans,0.5727895687204407,Los Angeles Lakers,0.42721043127955927
Golden State Warriors,0.8336649027553457,New York Knicks,0.1663350972446543
Boston Celtics,0.7441876034874768,Phoenix Suns,0.25581239651252313
Utah Jazz,0.5113534169382802,Sacramento Kings,0.4886465830617198
Orlando Magic,0.31626355717920374,Washington Wizards,0.6837364428207963
Golden State Warriors,0.6722864709213474,Atlanta Hawks,0.32771352907865264
Indiana Pacers,0.33625548054175747,Charlotte Hornets,0.6637445194582425
Miami Heat,0.21922794201788187,Cleveland Cavaliers,0.7807720579821181
Sacramento Kings,0.4373240778364269,Denver Nuggets,0.5626759221635731
Chicago Bulls,0.32740553940157924,Detroit Pistons,0.6725944605984208
Boston Celtics,0.3093707008280082,Los Angeles Clippers,0.6906292991719918
Brooklyn Nets,0.1971565986117656,Memphis Grizzlies,0.8028434013882344
New York Knicks,0.33405904538720044,Orlando Magic,0.6659409546127996
Milwaukee Bucks,0.6759041301130357,Philadelphia 76ers,0.32409586988696426
Houston Rockets,0.11240635629696305,San Antonio Spurs,0.887593643703037
New Orleans Pelicans,0.21449003213906492,Utah Jazz,0.7855099678609351
Los Angeles Lakers,0.11250279816437903,Dallas Mavericks,0.887497201835621
Portland Trail Blazers,0.23323151222943517,Oklahoma City Thunder,0.7667684877705648
Washington Wizards,0.6372914776143259,Phoenix Suns,0.36270852238567414
Brooklyn Nets,0.10824976019653931,Atlanta Hawks,0.8917502398034607
Washington Wizards,0.5308239103565822,Denver Nuggets,0.4691760896434179
Boston Celtics,0.14034896220648152,Golden State Warriors,0.8596510377935185
Utah Jazz,0.3865012167645959,Houston Rockets,0.6134987832354041
Detroit Pistons,0.3606979909791548,Indiana Pacers,0.6393020090208452
Charlotte Hornets,0.37174525107271095,Miami Heat,0.628254748927289
New York Knicks,0.42580147661372214,Milwaukee Bucks,0.5741985233862779
Los Angeles Clippers,0.7289995952383085,Minnesota Timberwolves,0.2710004047616915
Toronto Raptors,0.7176324320741206,New Orleans Pelicans,0.28236756792587936
Chicago Bulls,0.43005034069427417,Orlando Magic,0.5699496593057258
Sacramento Kings,0.07551516985384776,San Antonio Spurs,0.9244848301461522
Cleveland Cavaliers,0.5795942986448354,Detroit Pistons,0.42040570135516464
Los Angeles Clippers,0.5984879356075696,Memphis Grizzlies,0.40151206439243037
San Antonio Spurs,0.508363846380569,Oklahoma City Thunder,0.491636153619431
Los Angeles Lakers,0.29556574852743744,Phoenix Suns,0.7044342514725626
Philadelphia 76ers,0.08045874586387558,Portland Trail Blazers,0.9195412541361244
Toronto Raptors,0.44464530302612093,Atlanta Hawks,0.5553546969738791
Houston Rockets,0.36660475162056216,Chicago Bulls,0.6333952483794378
Orlando Magic,0.22246003079831556,Charlotte Hornets,0.7775399692016844
Brooklyn Nets,0.14962757822610329,Dallas Mavericks,0.8503724217738967
Boston Celtics,0.6519617288316784,Denver Nuggets,0.3480382711683217
Indiana Pacers,0.6217705784693743,Milwaukee Bucks,0.3782294215306257
Golden State Warriors,0.8822085068059413,Minnesota Timberwolves,0.11779149319405871
Washington Wizards,0.485976429818773,Sacramento Kings,0.514023570181227
New Orleans Pelicans,0.1756247791010026,Charlotte Hornets,0.8243752208989974
Phoenix Suns,0.16384450687093488,Dallas Mavericks,0.8361554931290651
New York Knicks,0.2444970463936269,Detroit Pistons,0.7555029536063731
Philadelphia 76ers,0.05009800650448937,Los Angeles Clippers,0.9499019934955106
Atlanta Hawks,0.552886281524617,Memphis Grizzlies,0.44711371847538295
Toronto Raptors,0.45384042043131545,Miami Heat,0.5461595795686846
Minnesota Timberwolves,0.40936994976095165,Milwaukee Bucks,0.5906300502390484
Utah Jazz,0.19457665611321195,Oklahoma City Thunder,0.805423343886788
Cleveland Cavaliers,0.6812246226574998,Orlando Magic,0.3187753773425001
Washington Wizards,0.3098037538672257,Portland Trail Blazers,0.6901962461327743
Denver Nuggets,0.38622503245096984,Sacramento Kings,0.6137749675490302
Golden State Warriors,0.3997850230105159,San Antonio Spurs,0.6002149769894841
Chicago Bulls,0.24629390857331013,Boston Celtics,0.7537060914266899
New York Knicks,0.563955048754585,Brooklyn Nets,0.436044951245415
Cleveland Cavaliers,0.592847043441687,Houston Rockets,0.40715295655831296
Miami Heat,0.4001643154326301,Indiana Pacers,0.5998356845673699
Philadelphia 76ers,0.31827586200956215,Los Angeles Lakers,0.6817241379904379
Portland Trail Blazers,0.710033457500205,Phoenix Suns,0.289966542499795
Chicago Bulls,0.2558101115172956,Charlotte Hornets,0.7441898884827044
Los Angeles Lakers,0.21270796512086765,Denver Nuggets,0.7872920348791324
Milwaukee Bucks,0.3017077895058836,Memphis Grizzlies,0.6982922104941164
Washington Wizards,0.5721067205939274,Minnesota Timberwolves,0.4278932794060725
Orlando Magic,0.415477769635029,Sacramento Kings,0.584522230364971
Atlanta Hawks,0.16559831588356866,San Antonio Spurs,0.8344016841164313
Dallas Mavericks,0.1939409608053715,Toronto Raptors,0.8060590391946285
Los Angeles Clippers,0.49529423025997477,Utah Jazz,0.5047057697400252
Oklahoma City Thunder,0.856978968295275,Brooklyn Nets,0.14302103170472502
Detroit Pistons,0.19189763310288177,Cleveland Cavaliers,0.8081023668971182
Philadelphia 76ers,0.018859308516288698,Golden State Warriors,0.9811406914837113
Portland Trail Blazers,0.6183335512578945,New Orleans Pelicans,0.38166644874210554
Indiana Pacers,0.5436067519327901,New York Knicks,0.45639324806720993
Minnesota Timberwolves,0.16878216096598786,Boston Celtics,0.8312178390340121
Memphis Grizzlies,0.32306574448115066,Chicago Bulls,0.6769342555188493
Utah Jazz,0.373628281491755,Detroit Pistons,0.626371718508245
Los Angeles Lakers,0.11965460626233637,Houston Rockets,0.8803453937376636
Charlotte Hornets,0.42472440326274763,Indiana Pacers,0.5752755967372524
Milwaukee Bucks,0.13628076623084862,Los Angeles Clippers,0.8637192337691514
New Orleans Pelicans,0.17544814460624258,Miami Heat,0.8245518553937574
Sacramento Kings,0.5468982548834476,Phoenix Suns,0.4531017451165525
Portland Trail Blazers,0.14215534248619255,San Antonio Spurs,0.8578446575138075
Dallas Mavericks,0.37834135149448467,Washington Wizards,0.6216586485055153
Memphis Grizzlies,0.24335076821305757,Atlanta Hawks,0.7566492317869424
Utah Jazz,0.18095606715152457,Cleveland Cavaliers,0.8190439328484754
Los Angeles Clippers,0.694778070719163,Denver Nuggets,0.305221929280837
Orlando Magic,0.06901800293293325,Golden State Warriors,0.9309819970670667
Brooklyn Nets,0.22873594610892545,New York Knicks,0.7712640538910746
Oklahoma City Thunder,0.4035912297115738,Toronto Raptors,0.5964087702884262
Boston Celtics,0.7809853608012762,Brooklyn Nets,0.21901463919872372
Toronto Raptors,0.5409015887075943,Detroit Pistons,0.45909841129240575
Milwaukee Bucks,0.5827664743169109,Los Angeles Lakers,0.41723352568308913
Minnesota Timberwolves,0.1758259142211006,Miami Heat,0.8241740857788994
Houston Rockets,0.5531954315626274,New Orleans Pelicans,0.4468045684373726
Dallas Mavericks,0.7796115007837664,Philadelphia 76ers,0.22038849921623363
Orlando Magic,0.5691467782366986,Phoenix Suns,0.4308532217633014
Chicago Bulls,0.35721560358105753,Washington Wizards,0.6427843964189425
Portland Trail Blazers,0.33791557795002414,Atlanta Hawks,0.6620844220499759
Utah Jazz,0.3755902790327691,Chicago Bulls,0.6244097209672309
Washington Wizards,0.27565236830848205,Charlotte Hornets,0.724347631691518
Houston Rockets,0.5464854223404929,Denver Nuggets,0.45351457765950703
Milwaukee Bucks,0.05437908274623082,Golden State Warriors,0.9456209172537692
Cleveland Cavaliers,0.4090333339925357,Los Angeles Clippers,0.5909666660074643
San Antonio Spurs,0.7782674768289444,Memphis Grizzlies,0.22173252317105568
Sacramento Kings,0.13038558539523637,Oklahoma City Thunder,0.8696144146047636
Dallas Mavericks,0.6805590618452126,Brooklyn Nets,0.3194409381547874
Phoenix Suns,0.1659213520405034,Detroit Pistons,0.8340786479594966
Cleveland Cavaliers,0.8596888481277938,Los Angeles Lakers,0.14031115187220627
Portland Trail Blazers,0.346279772970693,Miami Heat,0.653720227029307
Minnesota Timberwolves,0.3948491480587841,New Orleans Pelicans,0.6051508519412159
Boston Celtics,0.8555090068396538,Philadelphia 76ers,0.14449099316034614
Sacramento Kings,0.07551516985384776,San Antonio Spurs,0.9244848301461522
Indiana Pacers,0.24459615552018532,Toronto Raptors,0.7554038444798147
Washington Wizards,0.2656615290423604,Boston Celtics,0.7343384709576396
Atlanta Hawks,0.3884436055539342,Charlotte Hornets,0.6115563944460658
Denver Nuggets,0.27474639663528,Houston Rockets,0.72525360336472
Utah Jazz,0.34423166019705964,Indiana Pacers,0.6557683398029404
New York Knicks,0.13976398671895263,Los Angeles Clippers,0.8602360132810474
Golden State Warriors,0.5500786170011807,Oklahoma City Thunder,0.44992138299881934
Philadelphia 76ers,0.14003380137094135,Orlando Magic,0.8599661986290587
Detroit Pistons,0.7192781572596822,Brooklyn Nets,0.28072184274031775
Golden State Warriors,0.7483374002542371,Dallas Mavericks,0.2516625997457628
Los Angeles Clippers,0.8281379952974348,Los Angeles Lakers,0.1718620047025652
Phoenix Suns,0.12303997189640903,Miami Heat,0.876960028103591
San Antonio Spurs,0.8636547164480025,Minnesota Timberwolves,0.13634528355199751
Memphis Grizzlies,0.5051703342951273,New Orleans Pelicans,0.4948296657048728
Milwaukee Bucks,0.20746347847314728,Portland Trail Blazers,0.7925365215268527
Chicago Bulls,0.18012826609038357,Toronto Raptors,0.8198717339096164
Indiana Pacers,0.32505381814563516,Boston Celtics,0.6749461818543648
Detroit Pistons,0.39265846174594543,Chicago Bulls,0.6073415382540546
Cleveland Cavaliers,0.7432201940381193,Denver Nuggets,0.2567798059618807
Philadelphia 76ers,0.04080985620620614,Oklahoma City Thunder,0.9591901437937939
Charlotte Hornets,0.5652995555756007,Orlando Magic,0.43470044442439926
Milwaukee Bucks,0.3554070359449373,Sacramento Kings,0.6445929640550627
New York Knicks,0.22655055892421716,Utah Jazz,0.7734494410757828
Atlanta Hawks,0.5066325632013664,Washington Wizards,0.49336743679863365
Phoenix Suns,0.44289916407323027,Brooklyn Nets,0.5571008359267697
Los Angeles Clippers,0.5164453490265508,Dallas Mavericks,0.4835546509734492
Toronto Raptors,0.45384042043131545,Miami Heat,0.5461595795686846
New York Knicks,0.21231883244429217,Portland Trail Blazers,0.7876811675557078
Memphis Grizzlies,0.09455014931045513,San Antonio Spurs,0.9054498506895449
Phoenix Suns,0.11780860190582365,Boston Celtics,0.8821913980941763
Philadelphia 76ers,0.09578753787775007,Chicago Bulls,0.9042124621222499
Cleveland Cavaliers,0.49329798666796365,Charlotte Hornets,0.5067020133320363
Sacramento Kings,0.06344128636057411,Golden State Warriors,0.9365587136394259
New Orleans Pelicans,0.24163822997931816,Houston Rockets,0.7583617700206818
Denver Nuggets,0.23991923104971047,Indiana Pacers,0.7600807689502895
Minnesota Timberwolves,0.5734279010412253,Los Angeles Lakers,0.4265720989587746
Atlanta Hawks,0.6733194596819562,Milwaukee Bucks,0.32668054031804383
Detroit Pistons,0.498442853515769,Orlando Magic,0.501557146484231
Brooklyn Nets,0.16938827052032657,Washington Wizards,0.8306117294796734
Washington Wizards,0.16639240229332797,Cleveland Cavaliers,0.833607597706672
Toronto Raptors,0.5371538464860499,Dallas Mavericks,0.4628461535139501
Utah Jazz,0.23045324291211833,Los Angeles Clippers,0.7695467570878817
Minnesota Timberwolves,0.20123829123984394,Portland Trail Blazers,0.7987617087601561
New York Knicks,0.06664603421010984,San Antonio Spurs,0.9333539657898902
Brooklyn Nets,0.10824976019653931,Atlanta Hawks,0.8917502398034607
Miami Heat,0.33726543053788394,Boston Celtics,0.6627345694621161
Phoenix Suns,0.12317172552363709,Charlotte Hornets,0.8768282744763629
New Orleans Pelicans,0.3877706471184609,Denver Nuggets,0.6122293528815391
Memphis Grizzlies,0.07969518260409314,Golden State Warriors,0.9203048173959069
Oklahoma City Thunder,0.6129314601884039,Houston Rockets,0.387068539811596
Philadelphia 76ers,0.0846240307268582,Indiana Pacers,0.9153759692731418
Sacramento Kings,0.15672959116209773,Los Angeles Clippers,0.8432704088379023
Portland Trail Blazers,0.7694673061025193,Los Angeles Lakers,0.23053269389748063
Chicago Bulls,0.5272817541976891,Milwaukee Bucks,0.4727182458023109
Oklahoma City Thunder,0.5962656251360756,Dallas Mavericks,0.40373437486392444
Detroit Pistons,0.5156083555195672,New York Knicks,0.48439164448043276
Memphis Grizzlies,0.4536363374457606,Sacramento Kings,0.5463636625542394
Cleveland Cavaliers,0.2332409914602387,San Antonio Spurs,0.7667590085397613
Orlando Magic,0.15459519588976367,Toronto Raptors,0.8454048041102363
New Orleans Pelicans,0.21449003213906492,Utah Jazz,0.7855099678609351
Phoenix Suns,0.11908572733142242,Atlanta Hawks,0.8809142726685776
Philadelphia 76ers,0.2956921241110888,Brooklyn Nets,0.7043078758889112
Milwaukee Bucks,0.18162489673015236,Charlotte Hornets,0.8183751032698476
Miami Heat,0.431196685248049,Detroit Pistons,0.568803314751951
Golden State Warriors,0.7612394709013778,Houston Rockets,0.23876052909862222
Minnesota Timberwolves,0.21022674494416727,Indiana Pacers,0.7897732550558327
Washington Wizards,0.7054499344741942,Los Angeles Lakers,0.2945500655258057
Denver Nuggets,0.23003101203984966,Portland Trail Blazers,0.7699689879601503
Milwaukee Bucks,0.17422232746738908,Boston Celtics,0.8257776725326109
Washington Wizards,0.2129416514395246,Los Angeles Clippers,0.7870583485604754
Indiana Pacers,0.4965431709705206,Memphis Grizzlies,0.5034568290294794
Dallas Mavericks,0.53487020710915,New Orleans Pelicans,0.46512979289085005
Miami Heat,0.5572501143108655,New York Knicks,0.4427498856891346
Oklahoma City Thunder,0.6991617184725101,Orlando Magic,0.30083828152748987
Atlanta Hawks,0.8565013105340926,Philadelphia 76ers,0.14349868946590744
Utah Jazz,0.5113534169382802,Sacramento Kings,0.4886465830617198
Golden State Warriors,0.3997850230105159,San Antonio Spurs,0.6002149769894841
Charlotte Hornets,0.27465446280856387,Toronto Raptors,0.7253455371914361
Cleveland Cavaliers,0.5816335465226403,Chicago Bulls,0.41836645347735973
Brooklyn Nets,0.15155687754923464,Detroit Pistons,0.8484431224507654
Los Angeles Lakers,0.24201212807484584,Minnesota Timberwolves,0.7579878719251542
Los Angeles Clippers,0.77949548366818,Phoenix Suns,0.22050451633182
Houston Rockets,0.3234396959287683,Portland Trail Blazers,0.6765603040712317
Orlando Magic,0.21382798900853273,Boston Celtics,0.7861720109914673
Denver Nuggets,0.20209848100881855,Charlotte Hornets,0.7979015189911814
Philadelphia 76ers,0.037452594892509516,Cleveland Cavaliers,0.9625474051074905
Houston Rockets,0.09504043561874387,Golden State Warriors,0.9049595643812561
Dallas Mavericks,0.42292271496405187,Memphis Grizzlies,0.5770772850359481
New York Knicks,0.1858327415850759,Miami Heat,0.8141672584149241
Detroit Pistons,0.5949947779742187,Milwaukee Bucks,0.40500522202578126
Sacramento Kings,0.4440059849825633,New Orleans Pelicans,0.5559940150174367
San Antonio Spurs,0.508363846380569,Oklahoma City Thunder,0.491636153619431
Indiana Pacers,0.24459615552018532,Toronto Raptors,0.7554038444798147
Washington Wizards,0.32785012720649354,Utah Jazz,0.6721498727935065
Orlando Magic,0.6182058499629339,Brooklyn Nets,0.381794150037066
Atlanta Hawks,0.47562767021082575,Chicago Bulls,0.5243723297891743
Los Angeles Lakers,0.06068721544149969,Los Angeles Clippers,0.9393127845585003
Sacramento Kings,0.47875535368904676,Minnesota Timberwolves,0.5212446463109532
Phoenix Suns,0.1421388730159252,Portland Trail Blazers,0.8578611269840748
Atlanta Hawks,0.7823592609564685,Brooklyn Nets,0.2176407390435315
Indiana Pacers,0.20993635231600405,Cleveland Cavaliers,0.790063647683996
Washington Wizards,0.08975616074002024,Golden State Warriors,0.9102438392599798
Memphis Grizzlies,0.6777622347283563,Los Angeles Lakers,0.3222377652716438
Denver Nuggets,0.20190174168765918,Miami Heat,0.7980982583123408
Dallas Mavericks,0.5498614775534796,Milwaukee Bucks,0.4501385224465205
Chicago Bulls,0.5122056011121503,New Orleans Pelicans,0.4877943988878497
Boston Celtics,0.5970017179855587,New York Knicks,0.4029982820144414
Charlotte Hornets,0.2536086305519156,Oklahoma City Thunder,0.7463913694480844
Houston Rockets,0.6517307465221897,Phoenix Suns,0.34826925347781035
Utah Jazz,0.11630549650447408,San Antonio Spurs,0.8836945034955259
Philadelphia 76ers,0.04526748510468759,Toronto Raptors,0.9547325148953124
Orlando Magic,0.13048575828152487,Cleveland Cavaliers,0.8695142417184751
Minnesota Timberwolves,0.05244341614457193,Golden State Warriors,0.9475565838554281
Toronto Raptors,0.5090396728331281,Indiana Pacers,0.4909603271668718
Denver Nuggets,0.4362151420300955,New Orleans Pelicans,0.5637848579699045
Chicago Bulls,0.4469594512217606,New York Knicks,0.5530405487782394
Milwaukee Bucks,0.11291368168458804,Oklahoma City Thunder,0.887086318315412
Brooklyn Nets,0.542405193728926,Philadelphia 76ers,0.45759480627107396
Dallas Mavericks,0.4832654038185674,Sacramento Kings,0.5167345961814326
Memphis Grizzlies,0.09455014931045513,San Antonio Spurs,0.9054498506895449
Portland Trail Blazers,0.40467919025164134,Utah Jazz,0.5953208097483587
Charlotte Hornets,0.4892203095635287,Washington Wizards,0.5107796904364713
Cleveland Cavaliers,0.4806532221041332,Boston Celtics,0.5193467778958668
Miami Heat,0.3486705232851408,Charlotte Hornets,0.6513294767148592
Toronto Raptors,0.5409015887075943,Detroit Pistons,0.45909841129240575
Denver Nuggets,0.27474639663528,Houston Rockets,0.72525360336472
Dallas Mavericks,0.21112814954151804,Los Angeles Clippers,0.788871850458482
Oklahoma City Thunder,0.6733316855668673,Memphis Grizzlies,0.3266683144331327
Golden State Warriors,0.9077685470312706,Phoenix Suns,0.09223145296872938
Los Angeles Lakers,0.027610700371898167,San Antonio Spurs,0.9723892996281018
Boston Celtics,0.37747141179821275,Atlanta Hawks,0.6225285882017872
Milwaukee Bucks,0.21665456625040824,Indiana Pacers,0.7833454337495918
Washington Wizards,0.47222025461312556,New York Knicks,0.5277797453868744
Brooklyn Nets,0.21684550394538504,Orlando Magic,0.783154496054615
Chicago Bulls,0.7636017152232792,Philadelphia 76ers,0.23639828477672076
Minnesota Timberwolves,0.20123829123984394,Portland Trail Blazers,0.7987617087601561
Atlanta Hawks,0.249900655401759,Cleveland Cavaliers,0.750099344598241
San Antonio Spurs,0.7154972441464241,Dallas Mavericks,0.2845027558535759
New Orleans Pelicans,0.3877706471184609,Denver Nuggets,0.6122293528815391
Detroit Pistons,0.40374462566195457,Houston Rockets,0.5962553743380454
Sacramento Kings,0.6219669436212403,Los Angeles Lakers,0.3780330563787598
New York Knicks,0.30791185979473634,Memphis Grizzlies,0.6920881402052637
Oklahoma City Thunder,0.8301728333908337,Phoenix Suns,0.1698271666091663
Miami Heat,0.2549267828127523,Toronto Raptors,0.7450732171872477
Minnesota Timberwolves,0.21492995325727315,Utah Jazz,0.7850700467427268
Chicago Bulls,0.6604873340543073,Brooklyn Nets,0.33951266594569274
Boston Celtics,0.38653289431777516,Charlotte Hornets,0.6134671056822248
New Orleans Pelicans,0.052313912603237034,Golden State Warriors,0.947686087396763
Indiana Pacers,0.52652232204736,Orlando Magic,0.4734776779526399
Milwaukee Bucks,0.6759041301130357,Philadelphia 76ers,0.32409586988696426
Utah Jazz,0.3319216621459209,Portland Trail Blazers,0.6680783378540791
Los Angeles Clippers,0.1930487609958449,San Antonio Spurs,0.8069512390041551
Miami Heat,0.46393841802152025,Washington Wizards,0.5360615819784798
Cleveland Cavaliers,0.48370709472033446,Atlanta Hawks,0.5162929052796655
Oklahoma City Thunder,0.758903482499185,Denver Nuggets,0.24109651750081496
Minnesota Timberwolves,0.5734279010412253,Los Angeles Lakers,0.4265720989587746
Detroit Pistons,0.46848057613087024,Memphis Grizzlies,0.5315194238691298
Toronto Raptors,0.6617163618469484,New York Knicks,0.33828363815305157
Dallas Mavericks,0.6347787518989347,Phoenix Suns,0.36522124810106527
Houston Rockets,0.501729750796473,Sacramento Kings,0.498270249203527
Brooklyn Nets,0.10707471903317922,Boston Celtics,0.8929252809668208
Orlando Magic,0.2900595040703041,Chicago Bulls,0.7099404959296959
Washington Wizards,0.35018797144531943,Detroit Pistons,0.6498120285546806
Utah Jazz,0.09840397282261382,Golden State Warriors,0.9015960271773862
Houston Rockets,0.22369600713600146,Los Angeles Clippers,0.7763039928639985
Cleveland Cavaliers,0.4929929197437849,Miami Heat,0.5070070802562151
Charlotte Hornets,0.6578167289477606,Milwaukee Bucks,0.34218327105223945
Indiana Pacers,0.826405439787907,Philadelphia 76ers,0.173594560212093
San Antonio Spurs,0.6801571034999849,Portland Trail Blazers,0.319842896500015
Charlotte Hornets,0.3631076101603893,Atlanta Hawks,0.6368923898396107
Denver Nuggets,0.2610737516475492,Dallas Mavericks,0.7389262483524508
New Orleans Pelicans,0.5727895687204407,Los Angeles Lakers,0.42721043127955927
Oklahoma City Thunder,0.7881277677907518,Minnesota Timberwolves,0.21187223220924822
Phoenix Suns,0.2587050958415358,Sacramento Kings,0.7412949041584642
Milwaukee Bucks,0.17422232746738908,Boston Celtics,0.8257776725326109
Brooklyn Nets,0.15263690366189409,Chicago Bulls,0.8473630963381059
Toronto Raptors,0.30380831136054853,Cleveland Cavaliers,0.6961916886394515
Los Angeles Lakers,0.023005513005708966,Golden State Warriors,0.976994486994291
Minnesota Timberwolves,0.24211666976716517,Houston Rockets,0.7578833302328348
Atlanta Hawks,0.4418267710875631,Indiana Pacers,0.5581732289124369
Sacramento Kings,0.15672959116209773,Los Angeles Clippers,0.8432704088379023
Dallas Mavericks,0.42292271496405187,Memphis Grizzlies,0.5770772850359481
Washington Wizards,0.27540874065898535,Miami Heat,0.7245912593410146
Philadelphia 76ers,0.14851107833467125,New York Knicks,0.8514889216653287
Denver Nuggets,0.1268423134881539,Oklahoma City Thunder,0.8731576865118461
Detroit Pistons,0.498442853515769,Orlando Magic,0.501557146484231
New Orleans Pelicans,0.2008192258306971,Portland Trail Blazers,0.7991807741693029
San Antonio Spurs,0.6979607809676979,Utah Jazz,0.30203921903230213
